PID,B,L,H,Bx,Ly,ReF,MCODE1,MCODE2,MCODE3
1,35.5954972,137.0957909,-1.4,-154.955,-52.372,7,5337,71,93
2,35.595426,137.0958745,-1.4,-176.905,-31.423,7,5337,71,93
3,35.5954223,137.0958746,-1.4,-178.041,-31.417,7,5337,71,93
4,35.5954544,137.0958738,-1.4,-168.163,-31.6,7,5337,71,93
5,35.5954917,137.0958729,-1.4,-156.66,-31.83,7,5337,71,93
6,35.595529,137.095872,-1.4,-145.159,-32.058,7,5337,71,93
7,35.5955575,137.0958708,-1.4,-136.378,-32.36,7,5337,71,93
8,35.5955635,137.0958677,-1.4,-134.537,-33.124,7,5337,71,93
9,35.5955676,137.0958635,-1.4,-133.269,-34.184,7,5337,71,93
10,35.5955697,137.0958568,-1.4,-132.6,-35.874,7,5337,71,93
11,35.5955696,137.0958499,-1.4,-132.648,-37.58,7,5337,71,93
12,35.5955693,137.095844,-1.4,-132.747,-39.08,7,5337,71,93
13,35.5955691,137.0958367,-1.4,-132.807,-40.896,7,5337,71,93
14,35.5955648,137.0957972,-1.4,-134.134,-50.799,7,5337,71,93
15,35.5955613,137.0957723,-1.4,-135.215,-57.028,7,5337,71,93
16,35.5955608,137.0957482,-1.4,-135.356,-63.071,7,5337,71,93
17,35.5955599,137.0957201,-1.4,-135.637,-70.095,7,5337,71,93
18,35.5955588,137.0956919,-1.4,-135.977,-77.155,7,5337,71,93
19,35.5955583,137.0956638,-1.4,-136.133,-84.189,7,5337,71,93
20,35.5955582,137.0956357,-1.4,-136.172,-91.228,7,5337,71,93
21,35.5955578,137.095597,-1.4,-136.277,-100.917,7,5337,71,93
22,35.595557,137.0955582,-1.4,-136.54,-110.653,7,5337,71,93
23,35.5955561,137.0955193,-1.4,-136.802,-120.385,7,5337,71,93
24,35.5955548,137.0954836,-1.4,-137.214,-129.325,7,5337,71,93
25,35.5955522,137.0954753,-1.4,-138.019,-131.408,7,5337,71,93
26,35.5955462,137.095467,-1.4,-139.854,-133.482,7,5337,71,93
27,35.595539,137.0954629,-1.4,-142.085,-134.514,7,5337,71,93
28,35.5955289,137.0954604,-1.4,-145.183,-135.138,7,5337,71,93
29,35.5955174,137.0954599,-1.4,-148.731,-135.253,7,5337,71,93
30,35.5955054,137.0954603,-1.4,-152.441,-135.149,7,5337,71,93
31,35.5954962,137.0954608,-1.4,-155.256,-135.046,7,5337,71,93
32,35.5954872,137.0954613,-1.4,-158.03,-134.914,7,5337,71,93
33,35.5954771,137.0954618,-1.4,-161.146,-134.781,7,5337,71,93
34,35.5954675,137.0954626,-1.4,-164.103,-134.573,7,5337,71,93
35,35.5954558,137.0954632,-1.4,-167.715,-134.433,7,5337,71,93
36,35.5954028,137.0954647,-1.4,-184.064,-134.065,7,5337,71,93
37,35.5953499,137.0954661,-1.4,-200.338,-133.704,7,5337,71,93
38,35.5952966,137.0954688,-1.4,-216.79,-133.044,7,5337,71,93
39,35.5952422,137.0954695,-1.4,-233.546,-132.862,7,5337,71,93
40,35.5951361,137.0954717,-1.4,-266.235,-132.307,7,5337,71,93
41,35.594992,137.0954772,-1.4,-310.654,-130.933,7,5337,71,93
42,35.5948477,137.0954796,-1.4,-355.125,-130.339,7,5337,71,93
43,35.5947379,137.0954825,-1.4,-388.972,-129.6,7,5337,71,93
44,35.5947241,137.0954857,-1.4,-393.218,-128.796,7,5337,71,93
45,35.5947151,137.0954941,-1.4,-396.005,-126.694,7,5337,71,93
46,35.5947103,137.0955054,-1.4,-397.471,-123.864,7,5337,71,93
47,35.5947089,137.0955222,-1.4,-397.912,-119.669,7,5337,71,93
48,35.5947094,137.0955416,-1.4,-397.758,-114.807,7,5337,71,93
49,35.5947108,137.0955537,-1.4,-397.313,-111.779,7,5337,71,93
50,35.594713,137.0955664,-1.4,-396.628,-108.594,7,5337,71,93
51,35.5947146,137.0955791,-1.4,-396.156,-105.418,7,5337,71,93
52,35.5947151,137.0955919,-1.4,-395.987,-102.205,7,5337,71,93
53,35.5947153,137.0956052,-1.4,-395.923,-98.869,7,5337,71,93
54,35.5947142,137.0956373,-1.4,-396.281,-90.841,7,5337,71,93
55,35.5947128,137.0956465,-1.4,-396.693,-88.539,7,5337,71,93
56,35.5947113,137.0956527,-1.4,-397.151,-86.984,7,5337,71,93
70,35.5947175,137.0958059,-1.4,-395.257,-48.621,7,5337,71,93
71,35.5947181,137.0958168,-1.4,-395.054,-45.882,7,5337,71,93
72,35.5947185,137.0958236,-1.4,-394.954,-44.179,7,5337,71,93
73,35.5947186,137.0958324,-1.4,-394.908,-41.975,7,5337,71,93
74,35.5947188,137.0958412,-1.4,-394.84,-39.771,7,5337,71,93
75,35.5947204,137.0958713,-1.4,-394.355,-32.232,7,5337,71,93
76,35.5947208,137.0958754,-1.4,-394.24,-31.216,7,5337,71,93
77,35.5947217,137.0958808,-1.4,-393.944,-29.858,7,5337,71,93
78,35.5947243,137.0958874,-1.4,-393.162,-28.202,7,5337,71,93
79,35.594728,137.0958921,-1.4,-392.016,-27.023,7,5337,71,93
80,35.5947318,137.0958943,-1.4,-390.834,-26.476,7,5337,71,93
81,35.5947357,137.0958955,-1.4,-389.636,-26.176,7,5337,71,93
82,35.5947421,137.0958965,-1.4,-387.675,-25.93,7,5337,71,93
83,35.5947538,137.0958984,-1.4,-384.058,-25.439,7,5337,71,93
84,35.5947664,137.0959004,-1.4,-380.188,-24.947,7,5337,71,93
85,35.5947783,137.0959004,-1.4,-376.516,-24.949,7,5337,71,93
86,35.5947873,137.0959002,-1.4,-373.743,-24.996,7,5337,71,93
87,35.5947991,137.0958991,-1.4,-370.107,-25.271,7,5337,71,93
88,35.5948068,137.0958976,-1.4,-367.729,-25.638,7,5337,71,93
89,35.594815,137.0958962,-1.4,-365.203,-25.994,7,5337,71,93
90,35.5948233,137.0958959,-1.4,-362.641,-26.061,7,5337,71,93
91,35.594832,137.0958961,-1.4,-359.963,-26.031,7,5337,71,93
92,35.5948753,137.0958953,-1.4,-346.627,-26.21,7,5337,71,93
93,35.5949182,137.0958925,-1.4,-333.413,-26.917,7,5337,71,93
94,35.5949611,137.0958937,-1.4,-320.177,-26.611,7,5337,71,93
95,35.5950038,137.0958925,-1.4,-307.022,-26.922,7,5337,71,93
96,35.5950466,137.0958909,-1.4,-293.836,-27.325,7,5337,71,93
97,35.5950715,137.095887,-1.4,-286.154,-28.302,7,5337,71,93
98,35.5950867,137.0958843,-1.4,-281.48,-28.975,7,5337,71,93
99,35.5951002,137.0958817,-1.4,-277.323,-29.639,7,5337,71,93
100,35.5951056,137.0958814,-1.4,-275.645,-29.69,7,5337,71,93
101,35.5951793,137.0958802,-1.4,-252.915,-29.993,7,5337,71,93
102,35.5952525,137.0958784,-1.4,-230.362,-30.443,7,5337,71,93
103,35.5953257,137.0958767,-1.4,-207.811,-30.871,7,5337,71,93
104,35.5953989,137.095875,-1.4,-185.26,-31.296,7,5337,71,93
105,35.5954576,137.0958737,-1.4,-167.163,-31.62,7,5337,71,93
106,35.5954608,137.0958737,-1.4,-166.163,-31.64,7,5337,71,93
107,35.5954641,137.0958736,-1.4,-165.163,-31.66,7,5337,71,93
108,35.5954673,137.0958735,-1.4,-164.163,-31.68,7,5337,71,93
109,35.5954706,137.0958734,-1.4,-163.163,-31.7,7,5337,71,93
110,35.5954738,137.0958733,-1.4,-162.163,-31.72,7,5337,71,93
111,35.5954771,137.0958733,-1.4,-161.163,-31.74,7,5337,71,93
112,35.5954803,137.0958732,-1.4,-160.163,-31.76,7,5337,71,93
113,35.5954836,137.0958731,-1.4,-159.163,-31.78,7,5337,71,93
114,35.5954868,137.095873,-1.4,-158.163,-31.8,7,5337,71,93
115,35.5954884,137.095873,-1.4,-157.66,-31.81,7,5337,71,93
116,35.5954949,137.0958728,-1.4,-155.66,-31.85,7,5337,71,93
117,35.5954982,137.0958727,-1.4,-154.66,-31.87,7,5337,71,93
118,35.5955014,137.0958727,-1.4,-153.66,-31.89,7,5337,71,93
119,35.5955047,137.0958726,-1.4,-152.66,-31.91,7,5337,71,93
120,35.5955079,137.0958725,-1.4,-151.66,-31.93,7,5337,71,93
121,35.5955111,137.0958724,-1.4,-150.66,-31.95,7,5337,71,93
122,35.5955144,137.0958723,-1.4,-149.66,-31.97,7,5337,71,93
123,35.5955176,137.0958723,-1.4,-148.66,-31.99,7,5337,71,93
124,35.5955209,137.0958722,-1.4,-147.66,-32.01,7,5337,71,93
125,35.5955241,137.0958721,-1.4,-146.66,-32.03,7,5337,71,93
126,35.5955257,137.0958721,-1.4,-146.159,-32.04,7,5337,71,93
127,35.5955322,137.0958719,-1.4,-144.159,-32.076,7,5337,71,93
128,35.5955355,137.0958718,-1.4,-143.159,-32.094,7,5337,71,93
129,35.5955387,137.0958718,-1.4,-142.159,-32.112,7,5337,71,93
130,35.595542,137.0958717,-1.4,-141.159,-32.13,7,5337,71,93
131,35.5955452,137.0958716,-1.4,-140.159,-32.148,7,5337,71,93
132,35.5955485,137.0958716,-1.4,-139.159,-32.166,7,5337,71,93
133,35.5955517,137.0958715,-1.4,-138.159,-32.184,7,5337,71,93
134,35.5955549,137.0958713,-1.4,-137.18,-32.231,7,5337,71,93
135,35.5955549,137.0958713,-1.4,-137.161,-32.225,7,5337,71,93
136,35.5955604,137.0958695,-1.4,-135.472,-32.683,7,5337,71,93
137,35.5955657,137.0958662,-1.4,-133.852,-33.517,7,5337,71,93
138,35.5955691,137.0958602,-1.4,-132.792,-35.023,7,5337,71,93
139,35.5955697,137.0958537,-1.4,-132.609,-36.646,7,5337,71,93
140,35.5955694,137.0958466,-1.4,-132.707,-38.421,7,5337,71,93
141,35.5955691,137.0958412,-1.4,-132.794,-39.775,7,5337,71,93
142,35.5955691,137.0958391,-1.4,-132.798,-40.303,7,5337,71,93
143,35.5955688,137.0958326,-1.4,-132.892,-41.926,7,5337,71,93
144,35.5955685,137.0958285,-1.4,-132.978,-42.938,7,5337,71,93
145,35.5955683,137.0958245,-1.4,-133.055,-43.939,7,5337,71,93
146,35.5955681,137.0958213,-1.4,-133.1,-44.754,7,5337,71,93
147,35.5955678,137.0958174,-1.4,-133.211,-45.738,7,5337,71,93
148,35.5955671,137.0958135,-1.4,-133.401,-46.707,7,5337,71,93
149,35.5955666,137.0958092,-1.4,-133.577,-47.771,7,5337,71,93
150,35.5955661,137.0958054,-1.4,-133.727,-48.745,7,5337,71,93
151,35.5955656,137.0958022,-1.4,-133.876,-49.531,7,5337,71,93
152,35.5955652,137.0957996,-1.4,-133.999,-50.198,7,5337,71,93
153,35.595564,137.0957932,-1.4,-134.358,-51.802,7,5337,71,93
154,35.5955633,137.0957893,-1.4,-134.581,-52.772,7,5337,71,93
155,35.5955627,137.0957853,-1.4,-134.768,-53.758,7,5337,71,93
156,35.5955621,137.0957809,-1.4,-134.96,-54.878,7,5337,71,93
157,35.5955618,137.0957778,-1.269,-135.04,-55.648,7,5337,71,93
158,35.5955615,137.0957748,-1.4,-135.129,-56.387,7,5337,71,93
159,35.5955612,137.0957684,-1.4,-135.222,-57.992,7,5337,71,93
160,35.5955612,137.0957645,-1.4,-135.242,-58.987,7,5337,71,93
161,35.595561,137.0957603,-1.4,-135.28,-60.024,7,5337,71,93
162,35.5955611,137.0957567,-1.4,-135.265,-60.936,7,5337,71,93
163,35.595561,137.0957526,-1.4,-135.3,-61.953,7,5337,71,93
164,35.5955609,137.0957513,-1.4,-135.322,-62.295,7,5337,71,93
165,35.5955607,137.0957444,-1.4,-135.393,-64.015,7,5337,71,93
166,35.5955606,137.0957402,-1.4,-135.417,-65.051,7,5337,71,93
167,35.5955606,137.0957363,-1.4,-135.426,-66.032,7,5337,71,93
168,35.5955604,137.0957323,-1.4,-135.478,-67.031,7,5337,71,93
169,35.5955602,137.0957284,-1.4,-135.53,-68.03,7,5337,71,93
170,35.5955601,137.0957244,-1.4,-135.582,-69.029,7,5337,71,93
171,35.5955601,137.0957241,-1.4,-135.585,-69.096,7,5337,71,93
172,35.5955597,137.0957161,-1.4,-135.689,-71.094,7,5337,71,93
173,35.5955596,137.0957121,-1.4,-135.741,-72.093,7,5337,71,93
174,35.5955594,137.0957081,-1.4,-135.793,-73.092,7,5337,71,93
175,35.5955592,137.0957041,-1.4,-135.845,-74.091,7,5337,71,93
176,35.595559,137.0957002,-1.4,-135.897,-75.09,7,5337,71,93
177,35.5955589,137.0956962,-1.4,-135.949,-76.089,7,5337,71,93
178,35.5955589,137.0956959,-1.4,-135.952,-76.155,7,5337,71,93
179,35.5955587,137.0956879,-1.4,-136.002,-78.155,7,5337,71,93
180,35.5955586,137.0956839,-1.4,-136.027,-79.155,7,5337,71,93
181,35.5955585,137.0956799,-1.4,-136.052,-80.155,7,5337,71,93
182,35.5955585,137.0956759,-1.4,-136.077,-81.155,7,5337,71,93
183,35.5955584,137.0956719,-1.4,-136.102,-82.155,7,5337,71,93
184,35.5955583,137.095668,-1.4,-136.127,-83.155,7,5337,71,93
185,35.5955583,137.0956678,-1.4,-136.128,-83.189,7,5337,71,93
186,35.5955583,137.0956598,-1.4,-136.138,-85.189,7,5337,71,93
187,35.5955582,137.0956558,-1.4,-136.143,-86.189,7,5337,71,93
188,35.5955582,137.0956518,-1.4,-136.148,-87.189,7,5337,71,93
189,35.5955582,137.0956479,-1.4,-136.153,-88.189,7,5337,71,93
190,35.5955582,137.0956439,-1.4,-136.158,-89.189,7,5337,71,93
191,35.5955582,137.0956399,-1.4,-136.163,-90.189,7,5337,71,93
192,35.5955582,137.0956397,-1.4,-136.163,-90.228,7,5337,71,93
193,35.5955581,137.0956317,-1.4,-136.181,-92.228,7,5337,71,93
194,35.5955581,137.0956277,-1.4,-136.19,-93.228,7,5337,71,93
195,35.5955581,137.0956237,-1.4,-136.199,-94.228,7,5337,71,93
196,35.595558,137.0956197,-1.4,-136.208,-95.228,7,5337,71,93
197,35.595558,137.0956158,-1.4,-136.217,-96.228,7,5337,71,93
198,35.595558,137.0956118,-1.4,-136.226,-97.228,7,5337,71,93
199,35.5955579,137.0956078,-1.4,-136.235,-98.228,7,5337,71,93
200,35.5955579,137.0956038,-1.4,-136.244,-99.228,7,5337,71,93
201,35.5955579,137.095601,-1.4,-136.25,-99.917,7,5337,71,93
202,35.5955577,137.095593,-1.4,-136.304,-101.917,7,5337,71,93
203,35.5955576,137.095589,-1.4,-136.331,-102.917,7,5337,71,93
204,35.5955575,137.0955851,-1.4,-136.358,-103.917,7,5337,71,93
205,35.5955575,137.0955811,-1.4,-136.385,-104.917,7,5337,71,93
206,35.5955574,137.0955771,-1.4,-136.412,-105.917,7,5337,71,93
207,35.5955573,137.0955731,-1.4,-136.439,-106.917,7,5337,71,93
208,35.5955572,137.0955691,-1.4,-136.466,-107.917,7,5337,71,93
209,35.5955571,137.0955651,-1.4,-136.493,-108.917,7,5337,71,93
210,35.595557,137.0955621,-1.4,-136.513,-109.653,7,5337,71,93
211,35.5955569,137.0955542,-1.4,-136.567,-111.653,7,5337,71,93
212,35.5955568,137.0955502,-1.4,-136.594,-112.653,7,5337,71,93
213,35.5955567,137.0955462,-1.4,-136.621,-113.653,7,5337,71,93
214,35.5955566,137.0955422,-1.4,-136.648,-114.653,7,5337,71,93
215,35.5955565,137.0955382,-1.4,-136.675,-115.653,7,5337,71,93
216,35.5955564,137.0955342,-1.4,-136.702,-116.653,7,5337,71,93
217,35.5955563,137.0955302,-1.4,-136.729,-117.653,7,5337,71,93
218,35.5955563,137.0955262,-1.4,-136.756,-118.653,7,5337,71,93
219,35.5955562,137.0955233,-1.4,-136.776,-119.385,7,5337,71,93
220,35.595556,137.0955153,-1.4,-136.828,-121.385,7,5337,71,93
221,35.5955559,137.0955113,-1.4,-136.854,-122.385,7,5337,71,93
222,35.5955559,137.0955073,-1.4,-136.88,-123.385,7,5337,71,93
223,35.5955558,137.0955033,-1.4,-136.906,-124.385,7,5337,71,93
224,35.5955557,137.0954993,-1.4,-136.932,-125.385,7,5337,71,93
225,35.5955556,137.0954953,-1.4,-136.958,-126.385,7,5337,71,93
226,35.5955555,137.0954913,-1.4,-136.984,-127.385,7,5337,71,93
227,35.5955554,137.0954875,-1.4,-137.009,-128.346,7,5337,71,93
228,35.5955541,137.0954797,-1.4,-137.419,-130.304,7,5337,71,93
229,35.5955532,137.0954776,-1.4,-137.704,-130.839,7,5337,71,93
230,35.5955504,137.0954719,-1.4,-138.564,-132.247,7,5337,71,93
231,35.5955487,137.0954693,-1.4,-139.081,-132.898,7,5337,71,93
232,35.5955435,137.0954648,-1.4,-140.694,-134.024,7,5337,71,93
233,35.5955418,137.095464,-1.4,-141.204,-134.237,7,5337,71,93
234,35.5955358,137.095462,-1.4,-143.06,-134.736,7,5337,71,93
235,35.5955332,137.0954612,-1.4,-143.873,-134.93,7,5337,71,93
236,35.5955322,137.095461,-1.4,-144.16,-134.986,7,5337,71,93
237,35.5955256,137.09546,-1.392,-146.206,-135.228,7,5337,71,93
238,35.5955224,137.0954601,-1.4,-147.193,-135.221,7,5337,71,93
239,35.5955199,137.09546,-1.4,-147.946,-135.245,7,5337,71,93
240,35.595514,137.0954601,-1.4,-149.776,-135.221,7,5337,71,93
241,35.595511,137.0954601,-1.4,-150.698,-135.198,7,5337,71,93
242,35.5955091,137.0954614,-1.4,-151.295,-135.173,7,5337,71,93
243,35.5955025,137.0954617,-1.4,-153.332,-135.12,7,5337,71,93
244,35.5954996,137.0954617,-1.4,-154.21,-135.118,7,5337,71,93
245,35.5954932,137.0954622,-1.4,-156.203,-134.979,7,5337,71,93
246,35.5954906,137.0954623,-1.4,-156.996,-134.962,7,5337,71,93
247,35.595484,137.0954625,-1.4,-159.029,-134.899,7,5337,71,93
248,35.5954811,137.0954627,-1.4,-159.914,-134.85,7,5337,71,93
249,35.59548,137.0954628,-1.4,-160.263,-134.83,7,5337,71,93
250,35.5954742,137.0954632,-1.4,-162.034,-134.732,7,5337,71,93
251,35.595471,137.0954636,-1.4,-163.031,-134.624,7,5337,71,93
252,35.595471,137.0954636,-1.4,-163.035,-134.624,7,5337,71,93
253,35.5954645,137.095464,-1.4,-165.033,-134.544,7,5337,71,93
254,35.5954613,137.0954641,-1.4,-166.032,-134.504,7,5337,71,93
255,35.595459,137.0954642,-1.4,-166.727,-134.477,7,5337,71,93
256,35.5954525,137.0954644,-1.4,-168.727,-134.441,7,5337,71,93
257,35.5954493,137.0954644,-1.4,-169.727,-134.423,7,5337,71,93
258,35.595446,137.0954645,-1.4,-170.727,-134.405,7,5337,71,93
259,35.5954428,137.0954646,-1.4,-171.727,-134.387,7,5337,71,93
260,35.5954395,137.0954647,-1.4,-172.727,-134.369,7,5337,71,93
261,35.5954363,137.0954647,-1.4,-173.727,-134.351,7,5337,71,93
262,35.595433,137.0954648,-1.4,-174.727,-134.333,7,5337,71,93
263,35.5954298,137.0954649,-1.4,-175.727,-134.315,7,5337,71,93
264,35.5954266,137.0954649,-1.4,-176.727,-134.297,7,5337,71,93
265,35.5954233,137.095465,-1.4,-177.727,-134.279,7,5337,71,93
266,35.5954201,137.0954651,-1.4,-178.727,-134.261,7,5337,71,93
267,35.5954168,137.0954652,-1.4,-179.727,-134.243,7,5337,71,93
268,35.5954136,137.0954641,-1.4,-180.727,-134.213,7,5337,71,93
269,35.5954103,137.0954642,-1.4,-181.727,-134.179,7,5337,71,93
270,35.5954071,137.0954643,-1.4,-182.727,-134.158,7,5337,71,93
271,35.5954062,137.0954643,-1.4,-183.006,-134.147,7,5337,71,93
272,35.5953997,137.0954655,-1.4,-185.006,-133.996,7,5337,71,93
273,35.5953965,137.0954656,-1.4,-186.006,-133.977,7,5337,71,93
274,35.5953932,137.0954657,-1.4,-187.006,-133.958,7,5337,71,93
275,35.59539,137.0954658,-1.4,-188.006,-133.939,7,5337,71,93
276,35.5953867,137.0954658,-1.4,-189.006,-133.92,7,5337,71,93
277,35.5953835,137.0954659,-1.4,-190.006,-133.901,7,5337,71,93
278,35.5953802,137.095466,-1.4,-191.006,-133.882,7,5337,71,93
279,35.595377,137.0954661,-1.4,-192.006,-133.863,7,5337,71,93
280,35.5953737,137.0954662,-1.4,-193.006,-133.844,7,5337,71,93
281,35.5953705,137.0954662,-1.4,-194.006,-133.825,7,5337,71,93
282,35.5953672,137.0954663,-1.4,-195.006,-133.806,7,5337,71,93
283,35.595364,137.0954664,-1.4,-196.006,-133.787,7,5337,71,93
284,35.5953608,137.0954665,-1.4,-197.006,-133.768,7,5337,71,93
285,35.5953575,137.0954665,-1.4,-198.006,-133.749,7,5337,71,93
286,35.5953553,137.0954661,-1.4,-198.682,-133.707,7,5337,71,93
287,35.5953534,137.0954666,-1.4,-199.281,-133.725,7,5337,71,93
288,35.5953469,137.0954669,-1.4,-201.279,-133.645,7,5337,71,93
289,35.5953437,137.0954671,-1.4,-202.278,-133.605,7,5337,71,93
290,35.5953404,137.0954673,-1.4,-203.277,-133.565,7,5337,71,93
291,35.5953372,137.0954674,-1.4,-204.276,-133.525,7,5337,71,93
292,35.5953339,137.0954676,-1.4,-205.275,-133.485,7,5337,71,93
293,35.5953307,137.0954677,-1.4,-206.274,-133.445,7,5337,71,93
294,35.5953274,137.0954679,-1.4,-207.273,-133.405,7,5337,71,93
295,35.5953242,137.0954681,-1.4,-208.272,-133.365,7,5337,71,93
296,35.595321,137.0954682,-1.4,-209.271,-133.325,7,5337,71,93
297,35.5953177,137.0954684,-1.4,-210.27,-133.285,7,5337,71,93
298,35.5953145,137.0954685,-1.4,-211.269,-133.245,7,5337,71,93
299,35.5953112,137.0954687,-1.4,-212.268,-133.205,7,5337,71,93
300,35.595308,137.0954689,-1.4,-213.267,-133.165,7,5337,71,93
301,35.5953048,137.095469,-1.4,-214.266,-133.125,7,5337,71,93
302,35.5953015,137.0954692,-1.4,-215.265,-133.085,7,5337,71,93
303,35.5953001,137.0954693,-1.4,-215.714,-133.067,7,5337,71,93
304,35.5952936,137.0954694,-1.4,-217.714,-133.043,7,5337,71,93
305,35.5952903,137.0954694,-1.4,-218.714,-133.031,7,5337,71,93
306,35.5952871,137.0954694,-1.4,-219.714,-133.019,7,5337,71,93
307,35.5952838,137.0954695,-1.4,-220.714,-133.007,7,5337,71,93
308,35.5952806,137.0954695,-1.4,-221.714,-132.995,7,5337,71,93
309,35.5952773,137.0954696,-1.4,-222.714,-132.983,7,5337,71,93
310,35.5952741,137.0954696,-1.4,-223.714,-132.971,7,5337,71,93
311,35.5952709,137.0954697,-1.4,-224.714,-132.959,7,5337,71,93
312,35.5952676,137.0954697,-1.4,-225.714,-132.947,7,5337,71,93
313,35.5952644,137.0954698,-1.4,-226.714,-132.935,7,5337,71,93
314,35.5952611,137.0954698,-1.4,-227.714,-132.923,7,5337,71,93
315,35.5952579,137.0954699,-1.4,-228.714,-132.911,7,5337,71,93
316,35.5952546,137.0954699,-1.4,-229.714,-132.899,7,5337,71,93
317,35.5952514,137.09547,-1.4,-230.714,-132.887,7,5337,71,93
318,35.5952481,137.09547,-1.4,-231.714,-132.875,7,5337,71,93
319,35.5952456,137.0954701,-1.4,-232.488,-132.866,7,5337,71,93
320,35.5952391,137.0954702,-1.4,-234.488,-132.834,7,5337,71,93
321,35.5952359,137.0954703,-1.4,-235.488,-132.818,7,5337,71,93
322,35.5952326,137.0954703,-1.4,-236.488,-132.802,7,5337,71,93
323,35.5952294,137.0954704,-1.4,-237.488,-132.786,7,5337,71,93
324,35.5952262,137.0954704,-1.4,-238.488,-132.77,7,5337,71,93
325,35.5952229,137.0954705,-1.4,-239.488,-132.754,7,5337,71,93
326,35.5952197,137.0954706,-1.4,-240.488,-132.738,7,5337,71,93
327,35.5952164,137.0954706,-1.4,-241.488,-132.722,7,5337,71,93
328,35.5952132,137.0954707,-1.4,-242.488,-132.706,7,5337,71,93
329,35.5952099,137.0954708,-1.4,-243.488,-132.69,7,5337,71,93
330,35.5952067,137.0954708,-1.4,-244.488,-132.674,7,5337,71,93
331,35.5952034,137.0954709,-1.4,-245.488,-132.658,7,5337,71,93
332,35.5952002,137.095471,-1.4,-246.488,-132.642,7,5337,71,93
333,35.595197,137.095471,-1.4,-247.488,-132.626,7,5337,71,93
334,35.5951913,137.0954712,-1.4,-249.245,-132.579,7,5337,71,93
335,35.5951905,137.0954711,-1.4,-249.488,-132.594,7,5337,71,93
336,35.5951872,137.0954712,-1.4,-250.488,-132.578,7,5337,71,93
337,35.595184,137.0954713,-1.4,-251.488,-132.562,7,5337,71,93
338,35.5951807,137.0954713,-1.4,-252.488,-132.546,7,5337,71,93
339,35.5951775,137.0954714,-1.4,-253.488,-132.53,7,5337,71,93
340,35.5951742,137.0954715,-1.4,-254.488,-132.514,7,5337,71,93
341,35.595171,137.0954715,-1.4,-255.488,-132.498,7,5337,71,93
342,35.5951678,137.0954716,-1.4,-256.488,-132.482,7,5337,71,93
343,35.5951645,137.0954717,-1.4,-257.488,-132.466,7,5337,71,93
344,35.5951613,137.0954717,-1.4,-258.488,-132.45,7,5337,71,93
345,35.595158,137.0954718,-1.4,-259.488,-132.434,7,5337,71,93
346,35.5951548,137.0954719,-1.4,-260.488,-132.418,7,5337,71,93
347,35.5951515,137.0954719,-1.4,-261.488,-132.402,7,5337,71,93
348,35.5951483,137.095472,-1.4,-262.488,-132.386,7,5337,71,93
349,35.595145,137.095472,-1.4,-263.488,-132.37,7,5337,71,93
350,35.5951418,137.0954721,-1.4,-264.488,-132.354,7,5337,71,93
351,35.5951396,137.0954722,-1.4,-265.177,-132.343,7,5337,71,93
352,35.5951331,137.0954723,-1.4,-267.177,-132.295,7,5337,71,93
353,35.5951298,137.0954724,-1.4,-268.177,-132.271,7,5337,71,93
354,35.5951266,137.0954725,-1.4,-269.177,-132.247,7,5337,71,93
355,35.5951233,137.0954726,-1.4,-270.177,-132.223,7,5337,71,93
356,35.5951201,137.0954727,-1.4,-271.177,-132.199,7,5337,71,93
357,35.5951168,137.0954728,-1.4,-272.177,-132.175,7,5337,71,93
358,35.5951136,137.0954729,-1.4,-273.177,-132.151,7,5337,71,93
359,35.5951104,137.095473,-1.4,-274.177,-132.127,7,5337,71,93
360,35.5951071,137.0954731,-1.4,-275.177,-132.103,7,5337,71,93
361,35.5951039,137.0954732,-1.4,-276.177,-132.079,7,5337,71,93
362,35.5951006,137.0954733,-1.4,-277.177,-132.055,7,5337,71,93
363,35.5950974,137.0954734,-1.4,-278.177,-132.031,7,5337,71,93
364,35.5950941,137.0954735,-1.4,-279.177,-132.007,7,5337,71,93
365,35.5950909,137.0954736,-1.4,-280.177,-131.983,7,5337,71,93
366,35.5950876,137.0954737,-1.4,-281.177,-131.959,7,5337,71,93
367,35.5950844,137.0954738,-1.4,-282.177,-131.935,7,5337,71,93
368,35.5950812,137.0954739,-1.4,-283.177,-131.911,7,5337,71,93
369,35.5950779,137.095474,-1.4,-284.177,-131.887,7,5337,71,93
370,35.5950747,137.0954741,-1.4,-285.177,-131.863,7,5337,71,93
371,35.5950714,137.0954742,-1.4,-286.177,-131.839,7,5337,71,93
372,35.5950682,137.0954743,-1.4,-287.177,-131.815,7,5337,71,93
373,35.5950649,137.0954744,-1.4,-288.177,-131.791,7,5337,71,93
374,35.5950617,137.0954745,-1.4,-289.177,-131.767,7,5337,71,93
375,35.5950584,137.0954745,-1.4,-290.177,-131.743,7,5337,71,93
376,35.5950552,137.0954746,-1.4,-291.177,-131.719,7,5337,71,93
377,35.595052,137.0954744,-1.4,-292.177,-131.627,7,5337,71,93
378,35.5950487,137.0954748,-1.4,-293.183,-131.538,7,5337,71,93
379,35.5950455,137.0954745,-1.4,-294.174,-131.455,7,5337,71,93
380,35.5950423,137.0954755,-1.4,-295.141,-131.348,7,5337,71,93
381,35.595039,137.0954757,-1.4,-296.177,-131.301,7,5337,71,93
382,35.5950357,137.0954752,-1.4,-297.177,-131.225,7,5337,71,93
383,35.5950325,137.0954753,-1.4,-298.177,-131.201,7,5337,71,93
384,35.5950292,137.0954754,-1.4,-299.177,-131.177,7,5337,71,93
385,35.595026,137.0954755,-1.4,-300.177,-131.153,7,5337,71,93
386,35.5950227,137.0954756,-1.4,-301.177,-131.129,7,5337,71,93
387,35.5950195,137.0954757,-1.4,-302.177,-131.105,7,5337,71,93
388,35.5950163,137.0954758,-1.4,-303.177,-131.081,7,5337,71,93
389,35.595013,137.0954759,-1.4,-304.177,-131.057,7,5337,71,93
390,35.5950098,137.095476,-1.4,-305.177,-131.033,7,5337,71,93
391,35.5950065,137.0954761,-1.4,-306.177,-131.009,7,5337,71,93
392,35.5950033,137.0954762,-1.4,-307.177,-130.985,7,5337,71,93
393,35.595,137.0954763,-1.4,-308.177,-130.961,7,5337,71,93
394,35.5949968,137.0954764,-1.4,-309.177,-130.937,7,5337,71,93
395,35.5949953,137.0954764,-1.4,-309.622,-130.926,7,5337,71,93
396,35.5949889,137.0954766,-1.4,-311.622,-130.878,7,5337,71,93
397,35.5949856,137.0954767,-1.4,-312.622,-130.854,7,5337,71,93
398,35.5949824,137.0954768,-1.4,-313.622,-130.83,7,5337,71,93
399,35.5949791,137.0954769,-1.4,-314.622,-130.806,7,5337,71,93
400,35.5949759,137.095477,-1.4,-315.622,-130.782,7,5337,71,93
401,35.594972,137.0954773,-1.4,-316.812,-130.916,7,5337,71,93
402,35.5949689,137.0954768,-1.4,-317.771,-131.04,7,5337,71,93
403,35.5949659,137.0954763,-1.4,-318.699,-131.158,7,5337,71,93
404,35.5949629,137.0954774,-1.4,-319.622,-131.186,7,5337,71,93
405,35.5949597,137.0954775,-1.4,-320.622,-131.162,7,5337,71,93
406,35.5949564,137.0954776,-1.4,-321.622,-131.138,7,5337,71,93
407,35.5949532,137.0954777,-1.4,-322.622,-131.114,7,5337,71,93
408,35.5949499,137.0954778,-1.4,-323.622,-131.09,7,5337,71,93
409,35.5949467,137.0954779,-1.4,-324.622,-131.066,7,5337,71,93
410,35.5949434,137.0954779,-1.4,-325.622,-131.042,7,5337,71,93
411,35.5949402,137.095478,-1.4,-326.622,-131.018,7,5337,71,93
412,35.5949369,137.0954781,-1.4,-327.622,-130.994,7,5337,71,93
413,35.5949337,137.0954782,-1.4,-328.622,-130.97,7,5337,71,93
414,35.5949305,137.0954783,-1.4,-329.622,-130.946,7,5337,71,93
415,35.5949272,137.0954784,-1.4,-330.622,-130.922,7,5337,71,93
416,35.594924,137.0954785,-1.4,-331.622,-130.898,7,5337,71,93
417,35.5949207,137.0954786,-1.4,-332.622,-130.874,7,5337,71,93
418,35.5949175,137.0954787,-1.4,-333.622,-130.85,7,5337,71,93
419,35.5949142,137.0954788,-1.4,-334.622,-130.826,7,5337,71,93
420,35.594911,137.0954789,-1.4,-335.622,-130.802,7,5337,71,93
421,35.5949077,137.095479,-1.4,-336.622,-130.778,7,5337,71,93
422,35.5949045,137.0954791,-1.4,-337.622,-130.754,7,5337,71,93
423,35.5949012,137.0954792,-1.4,-338.622,-130.73,7,5337,71,93
424,35.594898,137.0954793,-1.4,-339.622,-130.706,7,5337,71,93
425,35.5948948,137.0954794,-1.4,-340.622,-130.682,7,5337,71,93
426,35.5948915,137.0954795,-1.4,-341.622,-130.658,7,5337,71,93
427,35.5948883,137.0954796,-1.4,-342.622,-130.634,7,5337,71,93
428,35.594885,137.0954797,-1.4,-343.622,-130.61,7,5337,71,93
429,35.5948818,137.0954798,-1.4,-344.622,-130.586,7,5337,71,93
430,35.5948785,137.0954799,-1.4,-345.622,-130.562,7,5337,71,93
431,35.5948753,137.09548,-1.4,-346.622,-130.538,7,5337,71,93
432,35.594872,137.0954801,-1.4,-347.622,-130.514,7,5337,71,93
433,35.5948688,137.0954802,-1.4,-348.622,-130.49,7,5337,71,93
434,35.5948656,137.0954802,-1.4,-349.622,-130.466,7,5337,71,93
435,35.5948623,137.0954803,-1.4,-350.622,-130.442,7,5337,71,93
436,35.5948591,137.0954804,-1.4,-351.622,-130.418,7,5337,71,93
437,35.5948558,137.0954805,-1.4,-352.622,-130.394,7,5337,71,93
438,35.5948526,137.0954806,-1.4,-353.622,-130.37,7,5337,71,93
439,35.5948512,137.0954807,-1.4,-354.058,-130.36,7,5337,71,93
440,35.5948447,137.0954808,-1.4,-356.058,-130.338,7,5337,71,93
441,35.5948414,137.0954808,-1.4,-357.058,-130.327,7,5337,71,93
442,35.5948382,137.0954808,-1.4,-358.058,-130.316,7,5337,71,93
443,35.5948347,137.0954798,-1.4,-359.122,-130.288,7,5337,71,93
444,35.5948315,137.0954799,-1.4,-360.11,-130.254,7,5337,71,93
445,35.5948283,137.0954803,-1.4,-361.108,-130.148,7,5337,71,93
446,35.5948251,137.0954806,-1.4,-362.084,-130.09,7,5337,71,93
447,35.594822,137.0954809,-1.4,-363.058,-130.007,7,5337,71,93
448,35.5948187,137.0954811,-1.4,-364.058,-129.95,7,5337,71,93
449,35.5948155,137.0954812,-1.4,-365.058,-129.939,7,5337,71,93
450,35.5948122,137.0954812,-1.4,-366.058,-129.928,7,5337,71,93
451,35.594809,137.0954812,-1.4,-367.058,-129.917,7,5337,71,93
452,35.5948057,137.0954813,-1.4,-368.058,-129.906,7,5337,71,93
453,35.5948025,137.0954813,-1.4,-369.058,-129.895,7,5337,71,93
454,35.5947992,137.0954814,-1.4,-370.058,-129.884,7,5337,71,93
455,35.594796,137.0954814,-1.4,-371.058,-129.873,7,5337,71,93
456,35.5947928,137.0954815,-1.4,-372.058,-129.862,7,5337,71,93
457,35.5947895,137.0954815,-1.4,-373.058,-129.851,7,5337,71,93
458,35.5947863,137.0954816,-1.4,-374.058,-129.84,7,5337,71,93
459,35.594783,137.0954816,-1.4,-375.058,-129.829,7,5337,71,93
460,35.5947798,137.0954816,-1.4,-376.058,-129.818,7,5337,71,93
461,35.5947765,137.0954817,-1.4,-377.058,-129.807,7,5337,71,93
462,35.5947733,137.0954817,-1.4,-378.058,-129.796,7,5337,71,93
463,35.59477,137.0954818,-1.4,-379.058,-129.785,7,5337,71,93
464,35.5947668,137.0954818,-1.4,-380.058,-129.774,7,5337,71,93
465,35.5947636,137.0954819,-1.4,-381.058,-129.763,7,5337,71,93
466,35.5947603,137.0954819,-1.4,-382.058,-129.752,7,5337,71,93
467,35.5947571,137.0954819,-1.4,-383.058,-129.741,7,5337,71,93
468,35.5947538,137.095482,-1.4,-384.058,-129.73,7,5337,71,93
469,35.5947506,137.095482,-1.4,-385.058,-129.719,7,5337,71,93
470,35.5947473,137.0954821,-1.4,-386.058,-129.708,7,5337,71,93
471,35.5947441,137.0954821,-1.4,-387.058,-129.697,7,5337,71,93
472,35.5947411,137.0954822,-1.4,-387.976,-129.687,7,5337,71,93
473,35.5947346,137.0954829,-1.4,-389.968,-129.513,7,5337,71,93
474,35.5947314,137.0954832,-1.4,-390.964,-129.426,7,5337,71,93
475,35.5947283,137.0954837,-1.4,-391.915,-129.306,7,5337,71,93
476,35.5947263,137.0954844,-1.4,-392.546,-129.127,7,5337,71,93
477,35.5947213,137.0954878,-1.4,-394.079,-128.287,7,5337,71,93
478,35.5947185,137.0954898,-1.4,-394.94,-127.778,7,5337,71,93
479,35.5947169,137.0954914,-1.4,-395.439,-127.362,7,5337,71,93
480,35.5947133,137.0954974,-1.4,-396.549,-125.877,7,5337,71,93
481,35.5947116,137.0955008,-1.4,-397.081,-125.028,7,5337,71,93
482,35.5947111,137.0955025,-1.4,-397.237,-124.604,7,5337,71,93
483,35.5947096,137.0955093,-1.4,-397.691,-122.899,7,5337,71,93
484,35.5947093,137.0955127,-1.4,-397.768,-122.037,7,5337,71,93
485,35.5947089,137.0955173,-1.4,-397.888,-120.879,7,5337,71,93
486,35.5947088,137.0955182,-1.4,-397.924,-120.669,7,5337,71,93
487,35.5947089,137.0955262,-1.4,-397.9,-118.669,7,5337,71,93
488,35.5947089,137.0955302,-1.4,-397.888,-117.669,7,5337,71,93
489,35.594709,137.0955341,-1.4,-397.876,-116.669,7,5337,71,93
490,35.594709,137.0955376,-1.4,-397.866,-115.801,7,5337,71,93
491,35.5947097,137.0955455,-1.4,-397.65,-113.813,7,5337,71,93
492,35.5947101,137.0955495,-1.4,-397.542,-112.819,7,5337,71,93
493,35.5947101,137.0955498,-1.4,-397.535,-112.754,7,5337,71,93
494,35.5947115,137.0955576,-1.4,-397.091,-110.804,7,5337,71,93
495,35.5947123,137.0955615,-1.4,-396.869,-109.829,7,5337,71,93
496,35.5947124,137.0955625,-1.4,-396.812,-109.577,7,5337,71,93
497,35.5947136,137.0955703,-1.4,-396.444,-107.611,7,5337,71,93
498,35.5947142,137.0955742,-1.4,-396.26,-106.628,7,5337,71,93
499,35.5947144,137.0955751,-1.4,-396.22,-106.416,7,5337,71,93
500,35.5947148,137.0955831,-1.4,-396.092,-104.42,7,5337,71,93
501,35.594715,137.095587,-1.4,-396.028,-103.422,7,5337,71,93
502,35.594715,137.0955879,-1.4,-396.014,-103.205,7,5337,71,93
503,35.5947152,137.0955959,-1.4,-395.96,-101.205,7,5337,71,93
504,35.5947153,137.0955999,-1.4,-395.933,-100.205,7,5337,71,93
505,35.5947153,137.0956012,-1.4,-395.924,-99.869,7,5337,71,93
506,35.5947153,137.0956092,-1.4,-395.922,-97.869,7,5337,71,93
507,35.5947153,137.0956132,-1.4,-395.921,-96.869,7,5337,71,93
508,35.5947153,137.0956172,-1.4,-395.92,-95.869,7,5337,71,93
509,35.5947153,137.0956212,-1.4,-395.919,-94.869,7,5337,71,93
510,35.5947153,137.0956252,-1.4,-395.918,-93.869,7,5337,71,93
511,35.5947153,137.0956292,-1.4,-395.917,-92.869,7,5337,71,93
512,35.5947151,137.0956319,-1.4,-395.994,-92.178,7,5337,71,93
513,35.5947149,137.0956331,-1.4,-396.044,-91.876,7,5337,71,93
514,35.5947138,137.0956399,-1.4,-396.393,-90.185,7,5337,71,93
515,35.5947134,137.0956429,-1.4,-396.503,-89.439,7,5337,71,93
516,35.5947119,137.0956498,-1.4,-396.97,-87.7,7,5337,71,93
553,35.5947172,137.0958002,-1.4,-395.353,-50.039,7,5337,71,93
554,35.5947173,137.0958032,-1.351,-395.299,-49.289,7,5337,71,93
555,35.5947177,137.0958104,-1.4,-395.19,-47.496,7,5337,71,93
556,35.5947178,137.0958127,-1.4,-395.16,-46.914,7,5337,71,93
557,35.5947183,137.0958193,-1.4,-394.998,-45.257,7,5337,71,93
558,35.5947184,137.0958213,-1.4,-394.986,-44.745,7,5337,71,93
559,35.5947184,137.0958262,-1.4,-394.964,-43.53,7,5337,71,93
560,35.5947186,137.0958291,-1.4,-394.913,-42.791,7,5337,71,93
561,35.5947188,137.0958363,-1.4,-394.851,-40.998,7,5337,71,93
562,35.5947189,137.0958388,-1.4,-394.831,-40.366,7,5337,71,93
563,35.594719,137.0958446,-1.4,-394.801,-38.911,7,5337,71,93
564,35.5947191,137.0958488,-1.4,-394.767,-37.875,7,5337,71,93
565,35.5947193,137.0958529,-1.4,-394.705,-36.843,7,5337,71,93
566,35.5947195,137.0958568,-1.4,-394.627,-35.864,7,5337,71,93
567,35.5947196,137.0958611,-1.4,-394.611,-34.788,7,5337,71,93
568,35.5947198,137.0958649,-1.4,-394.53,-33.844,7,5337,71,93
569,35.59472,137.0958668,-1.364,-394.476,-33.369,7,5337,71,93
570,35.5947201,137.0958683,-1.399,-394.438,-32.976,7,5337,71,93
571,35.5947202,137.0958692,-1.4,-394.406,-32.746,7,5337,71,93
572,35.5947205,137.0958732,-1.361,-394.326,-31.756,7,5337,71,93
573,35.5947212,137.0958786,-1.4,-394.103,-30.404,7,5337,71,93
574,35.5947226,137.0958835,-1.4,-393.678,-29.164,7,5337,71,93
575,35.5947296,137.0958933,-1.4,-391.513,-26.727,7,5337,71,93
576,35.5947261,137.0958902,-1.4,-392.613,-27.504,7,5337,71,93
577,35.5947335,137.0958949,-1.4,-390.306,-26.316,7,5337,71,93
578,35.5947388,137.0958959,-1.4,-388.699,-26.064,7,5337,71,93
579,35.5947454,137.0958971,-1.4,-386.657,-25.759,7,5337,71,93
580,35.5947476,137.0958976,-1.4,-385.972,-25.644,7,5337,71,93
581,35.59475,137.0958981,-1.4,-385.238,-25.525,7,5337,71,93
582,35.5947574,137.095899,-1.4,-382.968,-25.294,7,5337,71,93
583,35.5947606,137.0958996,-1.4,-381.981,-25.139,7,5337,71,93
584,35.5947629,137.0959,-1.4,-381.262,-25.052,7,5337,71,93
585,35.5947696,137.0959004,-1.4,-379.188,-24.949,7,5337,71,93
586,35.5947729,137.0959004,-1.4,-378.188,-24.951,7,5337,71,93
587,35.594775,137.0959004,-1.4,-377.516,-24.952,7,5337,71,93
588,35.5947815,137.0959004,-1.4,-375.516,-24.946,7,5337,71,93
589,35.594784,137.0959004,-1.4,-374.742,-24.943,7,5337,71,93
590,35.5947905,137.0959,-1.4,-372.744,-25.049,7,5337,71,93
591,35.5947938,137.0958998,-1.4,-371.745,-25.102,7,5337,71,93
592,35.5947959,137.0958996,-1.4,-371.098,-25.136,7,5337,71,93
593,35.5948023,137.0958986,-1.4,-369.116,-25.406,7,5337,71,93
594,35.5948036,137.0958983,-1.4,-368.713,-25.461,7,5337,71,93
595,35.59481,137.0958969,-1.4,-366.745,-25.815,7,5337,71,93
596,35.5948118,137.0958965,-1.4,-366.2,-25.913,7,5337,71,93
597,35.5948182,137.0958961,-1.4,-364.206,-26.03,7,5337,71,93
598,35.5948201,137.095896,-1.4,-363.64,-26.055,7,5337,71,93
599,35.5948266,137.095896,-1.4,-361.642,-26.051,7,5337,71,93
600,35.5948288,137.0958959,-1.4,-360.963,-26.059,7,5337,71,93
601,35.5948352,137.095895,-1.4,-358.963,-25.988,7,5337,71,93
602,35.5948385,137.095895,-1.4,-357.963,-26.006,7,5337,71,93
603,35.5948417,137.0958949,-1.4,-356.963,-26.024,7,5337,71,93
604,35.594845,137.0958948,-1.4,-355.963,-26.042,7,5337,71,93
605,35.5948482,137.0958947,-1.4,-354.963,-26.06,7,5337,71,93
606,35.5948515,137.0958947,-1.4,-353.963,-26.078,7,5337,71,93
607,35.5948547,137.0958946,-1.4,-352.963,-26.096,7,5337,71,93
608,35.594858,137.0958945,-1.4,-351.963,-26.114,7,5337,71,93
609,35.5948612,137.0958945,-1.4,-350.963,-26.132,7,5337,71,93
610,35.5948645,137.0958944,-1.4,-349.963,-26.15,7,5337,71,93
611,35.5948677,137.0958943,-1.4,-348.963,-26.168,7,5337,71,93
612,35.5948709,137.0958942,-1.4,-347.963,-26.186,7,5337,71,93
613,35.594872,137.0958942,-1.4,-347.649,-26.191,7,5337,71,93
614,35.5948784,137.095894,-1.4,-345.649,-26.239,7,5337,71,93
615,35.5948817,137.0958939,-1.4,-344.649,-26.263,7,5337,71,93
616,35.5948849,137.0958938,-1.4,-343.649,-26.287,7,5337,71,93
617,35.5948882,137.0958937,-1.4,-342.649,-26.311,7,5337,71,93
618,35.5948914,137.0958936,-1.4,-341.649,-26.335,7,5337,71,93
619,35.5948947,137.0958936,-1.4,-340.649,-26.359,7,5337,71,93
620,35.5948979,137.0958935,-1.4,-339.649,-26.383,7,5337,71,93
621,35.5949012,137.0958934,-1.4,-338.649,-26.407,7,5337,71,93
622,35.5949044,137.095894,-1.4,-337.649,-26.557,7,5337,71,93
623,35.5949077,137.0958934,-1.4,-336.649,-26.705,7,5337,71,93
624,35.5949109,137.0958929,-1.4,-335.649,-26.821,7,5337,71,93
625,35.5949141,137.0958925,-1.4,-334.649,-26.932,7,5337,71,93
626,35.5949151,137.0958924,-1.4,-334.366,-26.935,7,5337,71,93
627,35.5949215,137.0958926,-1.191,-332.366,-26.901,7,5337,71,93
628,35.5949248,137.0958929,-1.4,-331.366,-26.819,7,5337,71,93
629,35.594928,137.0958931,-1.4,-330.366,-26.775,7,5337,71,93
630,35.5949313,137.0958934,-1.4,-329.366,-26.692,7,5337,71,93
631,35.5949345,137.0958928,-1.4,-328.366,-26.558,7,5337,71,93
632,35.5949378,137.0958927,-1.4,-327.366,-26.566,7,5337,71,93
633,35.594941,137.0958927,-1.4,-326.366,-26.574,7,5337,71,93
634,35.5949443,137.0958927,-1.4,-325.366,-26.582,7,5337,71,93
635,35.5949475,137.0958926,-1.4,-324.366,-26.59,7,5337,71,93
636,35.5949508,137.0958926,-1.4,-323.366,-26.598,7,5337,71,93
637,35.594954,137.0958926,-1.4,-322.366,-26.606,7,5337,71,93
638,35.5949572,137.0958925,-1.4,-321.366,-26.614,7,5337,71,93
639,35.594958,137.0958925,-1.4,-321.129,-26.616,7,5337,71,93
640,35.5949645,137.0958924,-1.4,-319.129,-26.656,7,5337,71,93
641,35.5949677,137.0958923,-1.4,-318.129,-26.676,7,5337,71,93
642,35.594971,137.0958922,-1.4,-317.129,-26.696,7,5337,71,93
643,35.5949742,137.0958921,-1.4,-316.129,-26.716,7,5337,71,93
644,35.5949775,137.095892,-1.4,-315.129,-26.736,7,5337,71,93
645,35.5949807,137.095892,-1.4,-314.129,-26.756,7,5337,71,93
646,35.594984,137.0958919,-1.4,-313.129,-26.776,7,5337,71,93
647,35.5949872,137.0958918,-1.4,-312.129,-26.796,7,5337,71,93
648,35.5949905,137.0958917,-1.4,-311.129,-26.816,7,5337,71,93
649,35.5949937,137.0958916,-1.4,-310.129,-26.836,7,5337,71,93
650,35.5949969,137.0958916,-1.4,-309.129,-26.856,7,5337,71,93
651,35.5950002,137.0958915,-1.4,-308.129,-26.876,7,5337,71,93
652,35.5950004,137.0958915,-1.4,-308.068,-26.877,7,5337,71,93
653,35.5950069,137.0958912,-1.4,-306.07,-26.941,7,5337,71,93
654,35.5950101,137.0958911,-1.4,-305.071,-26.973,7,5337,71,93
655,35.5950134,137.095891,-1.4,-304.072,-27.005,7,5337,71,93
656,35.5950166,137.0958908,-1.4,-303.073,-27.037,7,5337,71,93
657,35.5950198,137.0958907,-1.4,-302.074,-27.069,7,5337,71,93
658,35.5950231,137.0958906,-1.4,-301.075,-27.101,7,5337,71,93
659,35.5950263,137.0958905,-1.4,-300.076,-27.133,7,5337,71,93
660,35.5950296,137.0958903,-1.4,-299.077,-27.165,7,5337,71,93
661,35.5950328,137.0958902,-1.4,-298.078,-27.197,7,5337,71,93
662,35.595036,137.0958901,-1.4,-297.079,-27.229,7,5337,71,93
663,35.5950393,137.0958899,-1.4,-296.08,-27.261,7,5337,71,93
664,35.5950425,137.0958898,-1.4,-295.081,-27.293,7,5337,71,93
665,35.5950433,137.0958898,-1.4,-294.83,-27.301,7,5337,71,93
666,35.5950498,137.0958892,-1.4,-292.836,-27.449,7,5337,71,93
667,35.5950531,137.0958899,-1.4,-291.839,-27.584,7,5337,71,93
668,35.5950564,137.0958891,-1.4,-290.807,-27.764,7,5337,71,93
669,35.5950595,137.0958886,-1.4,-289.845,-27.906,7,5337,71,93
670,35.5950628,137.0958881,-1.4,-288.848,-28.017,7,5337,71,93
671,35.595066,137.0958877,-1.4,-287.851,-28.119,7,5337,71,93
672,35.5950683,137.0958875,-1.4,-287.145,-28.172,7,5337,71,93
673,35.5950747,137.0958865,-1.4,-285.163,-28.432,7,5337,71,93
674,35.5950779,137.095886,-1.4,-284.172,-28.562,7,5337,71,93
675,35.5950811,137.0958854,-1.4,-283.181,-28.692,7,5337,71,93
676,35.5950835,137.0958851,-1.4,-282.462,-28.786,7,5337,71,93
677,35.5950898,137.0958835,-1.4,-280.498,-29.164,7,5337,71,93
678,35.595093,137.0958828,-1.4,-279.516,-29.353,7,5337,71,93
679,35.5950957,137.0958822,-1.4,-278.707,-29.503,7,5337,71,93
680,35.5950969,137.0958819,-1.4,-278.321,-29.57,7,5337,71,93
681,35.5951024,137.0958815,-1.4,-276.645,-29.677,7,5337,71,93
682,35.5951088,137.0958814,-1.4,-274.645,-29.703,7,5337,71,93
683,35.5951121,137.0958813,-1.4,-273.645,-29.716,7,5337,71,93
684,35.5951153,137.0958813,-1.4,-272.645,-29.729,7,5337,71,93
685,35.5951186,137.0958812,-1.4,-271.645,-29.742,7,5337,71,93
686,35.5951218,137.0958812,-1.4,-270.645,-29.755,7,5337,71,93
687,35.5951251,137.0958811,-1.4,-269.645,-29.768,7,5337,71,93
688,35.5951283,137.0958811,-1.4,-268.645,-29.781,7,5337,71,93
689,35.5951316,137.095881,-1.4,-267.645,-29.794,7,5337,71,93
690,35.5951348,137.095881,-1.4,-266.645,-29.807,7,5337,71,93
691,35.595138,137.0958809,-1.4,-265.645,-29.82,7,5337,71,93
692,35.5951413,137.0958809,-1.4,-264.645,-29.833,7,5337,71,93
693,35.5951445,137.0958808,-1.4,-263.645,-29.846,7,5337,71,93
694,35.5951478,137.0958808,-1.4,-262.645,-29.859,7,5337,71,93
695,35.595151,137.0958807,-1.4,-261.645,-29.872,7,5337,71,93
696,35.5951543,137.0958807,-1.4,-260.645,-29.885,7,5337,71,93
697,35.5951575,137.0958806,-1.4,-259.645,-29.898,7,5337,71,93
698,35.5951608,137.0958806,-1.4,-258.645,-29.911,7,5337,71,93
699,35.595164,137.0958805,-1.4,-257.645,-29.924,7,5337,71,93
700,35.5951672,137.0958805,-1.4,-256.645,-29.937,7,5337,71,93
701,35.5951705,137.0958804,-1.4,-255.645,-29.95,7,5337,71,93
702,35.5951737,137.0958804,-1.4,-254.645,-29.963,7,5337,71,93
703,35.5951761,137.0958803,-1.4,-253.915,-29.973,7,5337,71,93
704,35.5951826,137.0958802,-1.4,-251.915,-30.013,7,5337,71,93
705,35.5951858,137.0958801,-1.4,-250.915,-30.033,7,5337,71,93
706,35.5951891,137.09588,-1.4,-249.915,-30.053,7,5337,71,93
707,35.5951923,137.0958799,-1.4,-248.915,-30.073,7,5337,71,93
708,35.5951956,137.0958798,-1.4,-247.915,-30.093,7,5337,71,93
709,35.5951988,137.0958798,-1.4,-246.915,-30.113,7,5337,71,93
710,35.5952021,137.0958797,-1.4,-245.915,-30.133,7,5337,71,93
711,35.5952053,137.0958796,-1.4,-244.915,-30.153,7,5337,71,93
712,35.5952086,137.0958795,-1.4,-243.915,-30.173,7,5337,71,93
713,35.5952118,137.0958794,-1.4,-242.915,-30.193,7,5337,71,93
714,35.595215,137.0958794,-1.4,-241.915,-30.213,7,5337,71,93
715,35.5952183,137.0958793,-1.4,-240.915,-30.233,7,5337,71,93
716,35.5952215,137.0958792,-1.4,-239.915,-30.253,7,5337,71,93
717,35.5952248,137.0958791,-1.4,-238.915,-30.273,7,5337,71,93
718,35.595228,137.095879,-1.4,-237.915,-30.293,7,5337,71,93
719,35.5952313,137.095879,-1.4,-236.915,-30.313,7,5337,71,93
720,35.5952345,137.0958789,-1.4,-235.915,-30.333,7,5337,71,93
721,35.5952378,137.0958788,-1.4,-234.915,-30.353,7,5337,71,93
722,35.595241,137.0958787,-1.4,-233.915,-30.373,7,5337,71,93
723,35.5952442,137.0958786,-1.4,-232.915,-30.393,7,5337,71,93
724,35.5952475,137.0958786,-1.4,-231.915,-30.413,7,5337,71,93
725,35.5952493,137.0958785,-1.4,-231.362,-30.424,7,5337,71,93
726,35.5952558,137.0958784,-1.4,-229.362,-30.462,7,5337,71,93
727,35.595259,137.0958783,-1.4,-228.362,-30.481,7,5337,71,93
728,35.5952623,137.0958782,-1.4,-227.362,-30.5,7,5337,71,93
729,35.5952655,137.0958781,-1.4,-226.362,-30.519,7,5337,71,93
730,35.5952688,137.0958781,-1.4,-225.362,-30.538,7,5337,71,93
731,35.595272,137.095878,-1.4,-224.362,-30.557,7,5337,71,93
732,35.5952752,137.0958779,-1.4,-223.362,-30.576,7,5337,71,93
733,35.5952785,137.0958778,-1.4,-222.362,-30.595,7,5337,71,93
734,35.5952817,137.0958778,-1.4,-221.362,-30.614,7,5337,71,93
735,35.595285,137.0958777,-1.4,-220.362,-30.633,7,5337,71,93
736,35.5952882,137.0958776,-1.4,-219.362,-30.652,7,5337,71,93
737,35.5952915,137.0958775,-1.4,-218.362,-30.671,7,5337,71,93
738,35.5952947,137.0958775,-1.4,-217.362,-30.69,7,5337,71,93
739,35.595298,137.0958774,-1.4,-216.362,-30.709,7,5337,71,93
740,35.5953012,137.0958773,-1.4,-215.362,-30.728,7,5337,71,93
741,35.5953044,137.0958772,-1.4,-214.362,-30.747,7,5337,71,93
742,35.5953077,137.0958772,-1.4,-213.362,-30.766,7,5337,71,93
743,35.5953109,137.0958771,-1.4,-212.362,-30.785,7,5337,71,93
744,35.5953142,137.095877,-1.4,-211.362,-30.804,7,5337,71,93
745,35.5953174,137.0958769,-1.4,-210.362,-30.823,7,5337,71,93
746,35.5953207,137.0958768,-1.4,-209.362,-30.842,7,5337,71,93
747,35.5953225,137.0958768,-1.4,-208.811,-30.852,7,5337,71,93
748,35.5953289,137.0958767,-1.4,-206.811,-30.89,7,5337,71,93
749,35.5953322,137.0958766,-1.4,-205.811,-30.909,7,5337,71,93
750,35.5953354,137.0958765,-1.4,-204.811,-30.928,7,5337,71,93
751,35.5953387,137.0958764,-1.4,-203.811,-30.947,7,5337,71,93
752,35.5953419,137.0958764,-1.4,-202.811,-30.966,7,5337,71,93
753,35.5953452,137.0958763,-1.4,-201.811,-30.985,7,5337,71,93
754,35.5953484,137.0958762,-1.4,-200.811,-31.004,7,5337,71,93
755,35.5953517,137.0958761,-1.4,-199.811,-31.023,7,5337,71,93
756,35.5953549,137.095876,-1.4,-198.811,-31.042,7,5337,71,93
757,35.5953581,137.095876,-1.4,-197.811,-31.061,7,5337,71,93
758,35.5953614,137.0958759,-1.4,-196.811,-31.08,7,5337,71,93
759,35.5953646,137.0958758,-1.4,-195.811,-31.099,7,5337,71,93
760,35.5953679,137.0958757,-1.4,-194.811,-31.118,7,5337,71,93
761,35.5953711,137.0958757,-1.4,-193.811,-31.137,7,5337,71,93
762,35.5953744,137.0958756,-1.4,-192.811,-31.156,7,5337,71,93
763,35.5953776,137.0958755,-1.4,-191.811,-31.175,7,5337,71,93
764,35.5953809,137.0958754,-1.4,-190.811,-31.194,7,5337,71,93
765,35.5953841,137.0958754,-1.4,-189.811,-31.213,7,5337,71,93
766,35.5953874,137.0958753,-1.4,-188.811,-31.232,7,5337,71,93
767,35.5953906,137.0958752,-1.4,-187.811,-31.251,7,5337,71,93
768,35.5953938,137.0958751,-1.4,-186.811,-31.27,7,5337,71,93
769,35.5953956,137.0958751,-1.4,-186.26,-31.281,7,5337,71,93
770,35.5954021,137.095875,-1.4,-184.26,-31.311,7,5337,71,93
771,35.5954054,137.0958749,-1.4,-183.26,-31.326,7,5337,71,93
772,35.5954086,137.0958749,-1.4,-182.26,-31.341,7,5337,71,93
773,35.5954119,137.0958748,-1.4,-181.26,-31.356,7,5337,71,93
774,35.5954151,137.0958747,-1.4,-180.26,-31.371,7,5337,71,93
775,35.5954183,137.0958747,-1.4,-179.26,-31.386,7,5337,71,93
776,35.5954216,137.0958746,-1.4,-178.26,-31.401,7,5337,71,93
778,35.5954292,137.0958744,-1.4,-175.905,-31.443,7,5337,71,93
779,35.5954325,137.0958744,-1.4,-174.905,-31.463,7,5337,71,93
780,35.5954357,137.0958743,-1.4,-173.905,-31.483,7,5337,71,93
781,35.595439,137.0958742,-1.4,-172.905,-31.503,7,5337,71,93
782,35.5954422,137.0958741,-1.4,-171.905,-31.523,7,5337,71,93
783,35.5954455,137.095874,-1.4,-170.905,-31.543,7,5337,71,93
784,35.5954487,137.095874,-1.4,-169.905,-31.563,7,5337,71,93
785,35.5954511,137.0958739,-1.4,-169.161,-31.578,7,5337,71,93
786,35.5959993,137.1000583,-1.4,-0.224,14.592,7,5337,71,93
787,35.5959993,137.1000543,-1.4,-0.231,13.592,7,5337,71,93
788,35.595999,137.1000119,-1.4,-0.305,2.974,7,5337,71,93
789,35.5959988,137.0959695,-1.4,-0.379,-7.644,7,5337,71,93
790,35.5959985,137.0959271,-1.4,-0.471,-18.262,7,5337,71,93
791,35.5959977,137.0959033,-1.4,-0.696,-24.228,7,5337,71,93
792,35.5959965,137.0958936,-1.4,-1.081,-26.656,7,5337,71,93
793,35.5959939,137.0958841,-1.4,-1.866,-29.03,7,5337,71,93
794,35.5959898,137.0958767,-1.4,-3.133,-30.882,7,5337,71,93
795,35.5959846,137.0958727,-1.4,-4.75,-31.881,7,5337,71,93
796,35.5959787,137.0958708,-1.4,-6.559,-32.345,7,5337,71,93
797,35.5959726,137.09587,-1.4,-8.45,-32.548,7,5337,71,93
798,35.5959662,137.0958695,-1.4,-10.411,-32.669,7,5337,71,93
799,35.5959602,137.0958694,-1.4,-12.279,-32.699,7,5337,71,93
800,35.5959332,137.0958702,-1.4,-20.578,-32.517,7,5337,71,93
801,35.595906,137.0958703,-1.4,-28.963,-32.492,7,5337,71,93
802,35.595879,137.0958708,-1.4,-37.303,-32.345,7,5337,71,93
803,35.595864,137.0958697,-1.4,-41.919,-32.622,7,5337,71,93
804,35.5958527,137.0958675,-1.4,-45.386,-33.186,7,5337,71,93
805,35.5958374,137.0958637,-1.4,-50.122,-34.134,7,5337,71,93
806,35.5958228,137.0958608,-1.4,-54.618,-34.861,7,5337,71,93
807,35.5958083,137.0958583,-1.4,-59.074,-35.488,7,5337,71,93
808,35.5957947,137.0958567,-1.4,-63.279,-35.886,7,5337,71,93
809,35.5957786,137.095856,-1.4,-68.22,-36.054,7,5337,71,93
810,35.5957638,137.0958563,-1.4,-72.798,-35.993,7,5337,71,93
811,35.5957489,137.0958565,-1.4,-77.388,-35.94,7,5337,71,93
812,35.5957339,137.0958568,-1.4,-82.007,-35.868,7,5337,71,93
813,35.595719,137.0958573,-1.4,-86.594,-35.733,7,5337,71,93
814,35.5957043,137.0958582,-1.4,-91.121,-35.509,7,5337,71,93
815,35.595689,137.0958597,-1.4,-95.858,-35.147,7,5337,71,93
816,35.5956746,137.0958616,-1.4,-100.296,-34.657,7,5337,71,93
817,35.5956626,137.0958626,-1.4,-103.995,-34.41,7,5337,71,93
818,35.5956435,137.0958633,-1.4,-109.862,-34.245,7,5337,71,93
819,35.5956283,137.0958637,-1.4,-114.551,-34.124,7,5337,71,93
820,35.595613,137.095864,-1.4,-119.273,-34.049,7,5337,71,93
821,35.5955969,137.0958645,-1.4,-124.22,-33.935,7,5337,71,93
822,35.5955809,137.0958645,-1.4,-129.162,-33.934,7,5337,71,93
823,35.5955777,137.0958632,-1.4,-130.147,-34.257,7,5337,71,93
824,35.5955751,137.0958607,-1.4,-130.951,-34.882,7,5337,71,93
825,35.5955736,137.0958575,-1.4,-131.41,-35.691,7,5337,71,93
826,35.5955718,137.0958524,-1.4,-131.96,-36.974,7,5337,71,93
827,35.5955707,137.0958475,-1.4,-132.296,-38.191,7,5337,71,93
828,35.5955698,137.0958429,-1.4,-132.584,-39.338,7,5337,71,93
829,35.5959992,137.1000503,-1.4,-0.238,12.592,7,5337,71,93
830,35.5959992,137.1000463,-1.4,-0.245,11.592,7,5337,71,93
831,35.5959992,137.1000423,-1.4,-0.252,10.592,7,5337,71,93
832,35.5959992,137.1000383,-1.4,-0.259,9.592,7,5337,71,93
833,35.5959991,137.1000343,-1.4,-0.266,8.592,7,5337,71,93
834,35.5959991,137.1000303,-1.4,-0.273,7.592,7,5337,71,93
835,35.5959991,137.1000263,-1.4,-0.28,6.592,7,5337,71,93
836,35.5959991,137.1000223,-1.4,-0.287,5.592,7,5337,71,93
837,35.595999,137.1000183,-1.4,-0.294,4.592,7,5337,71,93
838,35.595999,137.1000159,-1.4,-0.298,3.974,7,5337,71,93
839,35.595999,137.1000079,-1.4,-0.312,1.974,7,5337,71,93
840,35.595999,137.1000039,-1.4,-0.319,0.974,7,5337,71,93
841,35.5959989,137.0959999,-1.4,-0.326,-0.026,7,5337,71,93
842,35.5959989,137.0959959,-1.4,-0.333,-1.026,7,5337,71,93
843,35.5959989,137.0959919,-1.4,-0.34,-2.026,7,5337,71,93
844,35.5959989,137.0959879,-1.4,-0.347,-3.026,7,5337,71,93
845,35.5959989,137.0959839,-1.4,-0.354,-4.026,7,5337,71,93
846,35.5959988,137.0959799,-1.4,-0.361,-5.026,7,5337,71,93
847,35.5959988,137.0959759,-1.4,-0.368,-6.026,7,5337,71,93
848,35.5959988,137.0959735,-1.4,-0.372,-6.644,7,5337,71,93
849,35.5959987,137.0959655,-1.4,-0.386,-8.644,7,5337,71,93
850,35.5959987,137.0959615,-1.4,-0.393,-9.644,7,5337,71,93
851,35.5959987,137.0959575,-1.4,-0.4,-10.644,7,5337,71,93
852,35.5959987,137.0959535,-1.4,-0.407,-11.644,7,5337,71,93
853,35.5959987,137.0959495,-1.4,-0.414,-12.644,7,5337,71,93
854,35.5959986,137.0959455,-1.4,-0.421,-13.644,7,5337,71,93
855,35.5959986,137.0959415,-1.4,-0.428,-14.644,7,5337,71,93
856,35.5959986,137.0959375,-1.4,-0.435,-15.644,7,5337,71,93
857,35.5959986,137.0959335,-1.4,-0.442,-16.644,7,5337,71,93
858,35.5959986,137.0959311,-1.4,-0.446,-17.262,7,5337,71,93
859,35.5959984,137.0959231,-1.4,-0.496,-19.262,7,5337,71,93
860,35.5959983,137.0959191,-1.4,-0.521,-20.262,7,5337,71,93
861,35.5959982,137.0959151,-1.4,-0.546,-21.262,7,5337,71,93
862,35.5959981,137.0959111,-1.4,-0.571,-22.262,7,5337,71,93
863,35.5959981,137.0959072,-1.4,-0.596,-23.233,7,5337,71,93
864,35.5959974,137.0958993,-1.4,-0.796,-25.223,7,5337,71,93
865,35.5959973,137.0958974,-1.4,-0.842,-25.685,7,5337,71,93
866,35.5959957,137.0958897,-1.4,-1.32,-27.627,7,5337,71,93
867,35.5959953,137.0958877,-1.4,-1.442,-28.124,7,5337,71,93
868,35.5959926,137.0958805,-1.4,-2.29,-29.936,7,5337,71,93
869,35.5959916,137.0958787,-1.4,-2.601,-30.379,7,5337,71,93
870,35.5959875,137.0958743,-1.4,-3.838,-31.475,7,5337,71,93
871,35.5959819,137.0958715,-1.4,-5.572,-32.187,7,5337,71,93
872,35.5959758,137.0958703,-1.4,-7.452,-32.488,7,5337,71,93
873,35.5959695,137.0958698,-1.4,-9.413,-32.606,7,5337,71,93
874,35.5959634,137.0958693,-1.4,-11.279,-32.724,7,5337,71,93
875,35.5959569,137.0958695,-1.4,-13.279,-32.674,7,5337,71,93
876,35.5959537,137.0958696,-1.4,-14.279,-32.649,7,5337,71,93
877,35.5959504,137.0958697,-1.4,-15.279,-32.624,7,5337,71,93
878,35.5959472,137.0958698,-1.4,-16.279,-32.599,7,5337,71,93
879,35.5959439,137.0958699,-1.4,-17.279,-32.574,7,5337,71,93
880,35.5959407,137.09587,-1.4,-18.279,-32.549,7,5337,71,93
881,35.5959374,137.0958701,-1.4,-19.279,-32.524,7,5337,71,93
882,35.5959365,137.0958702,-1.4,-19.578,-32.517,7,5337,71,93
883,35.59593,137.0958702,-1.4,-21.578,-32.517,7,5337,71,93
884,35.5959267,137.0958702,-1.4,-22.578,-32.517,7,5337,71,93
885,35.5959235,137.0958702,-1.4,-23.578,-32.517,7,5337,71,93
886,35.5959202,137.0958702,-1.4,-24.578,-32.517,7,5337,71,93
887,35.595917,137.0958702,-1.4,-25.578,-32.517,7,5337,71,93
888,35.5959138,137.0958702,-1.4,-26.578,-32.517,7,5337,71,93
889,35.5959105,137.0958702,-1.4,-27.578,-32.517,7,5337,71,93
890,35.5959093,137.0958702,-1.4,-27.963,-32.517,7,5337,71,93
891,35.5959028,137.0958704,-1.4,-29.963,-32.467,7,5337,71,93
892,35.5958995,137.0958705,-1.4,-30.963,-32.442,7,5337,71,93
893,35.5958963,137.0958706,-1.4,-31.963,-32.417,7,5337,71,93
894,35.595893,137.0958707,-1.4,-32.963,-32.392,7,5337,71,93
895,35.5958898,137.0958708,-1.4,-33.963,-32.367,7,5337,71,93
896,35.5958866,137.0958709,-1.4,-34.963,-32.342,7,5337,71,93
897,35.5958833,137.095871,-1.4,-35.963,-32.317,7,5337,71,93
898,35.5958822,137.095871,-1.4,-36.304,-32.308,7,5337,71,93
899,35.5958757,137.0958707,-1.4,-38.302,-32.382,7,5337,71,93
900,35.5958725,137.0958705,-1.4,-39.301,-32.419,7,5337,71,93
901,35.5958692,137.0958704,-1.4,-40.3,-32.456,7,5337,71,93
902,35.5958668,137.0958702,-1.4,-41.045,-32.506,7,5337,71,93
903,35.5958608,137.0958692,-1.4,-42.909,-32.765,7,5337,71,93
904,35.5958576,137.0958686,-1.4,-43.899,-32.908,7,5337,71,93
905,35.5958559,137.0958683,-1.4,-44.407,-32.981,7,5337,71,93
906,35.5958496,137.0958667,-1.4,-46.365,-33.391,7,5337,71,93
907,35.5958464,137.0958658,-1.4,-47.344,-33.596,7,5337,71,93
908,35.5958432,137.095865,-1.4,-48.323,-33.801,7,5337,71,93
909,35.5958406,137.0958643,-1.4,-49.135,-33.971,7,5337,71,93
910,35.5958342,137.095863,-1.4,-51.109,-34.297,7,5337,71,93
911,35.595831,137.0958624,-1.4,-52.096,-34.46,7,5337,71,93
912,35.5958278,137.0958617,-1.4,-53.083,-34.623,7,5337,71,93
913,35.595826,137.0958614,-1.4,-53.629,-34.713,7,5337,71,93
914,35.5958196,137.0958602,-1.4,-55.607,-35.009,7,5337,71,93
915,35.5958164,137.0958596,-1.4,-56.596,-35.157,7,5337,71,93
916,35.5958131,137.095859,-1.4,-57.585,-35.305,7,5337,71,93
917,35.5958115,137.0958587,-1.4,-58.08,-35.379,7,5337,71,93
918,35.5958051,137.0958579,-1.4,-60.068,-35.597,7,5337,71,93
919,35.5958019,137.0958574,-1.4,-61.062,-35.706,7,5337,71,93
920,35.5957986,137.095857,-1.4,-62.056,-35.815,7,5337,71,93
921,35.5957979,137.0958569,-1.4,-62.28,-35.84,7,5337,71,93
922,35.5957914,137.0958565,-1.4,-64.278,-35.932,7,5337,71,93
923,35.5957882,137.0958563,-1.4,-65.277,-35.978,7,5337,71,93
924,35.5957849,137.0958562,-1.4,-66.276,-36.024,7,5337,71,93
925,35.5957819,137.095856,-1.4,-67.22,-36.068,7,5337,71,93
926,35.5957754,137.0958561,-1.4,-69.22,-36.04,7,5337,71,93
927,35.5957722,137.0958561,-1.4,-70.22,-36.026,7,5337,71,93
928,35.5957689,137.0958562,-1.4,-71.22,-36.012,7,5337,71,93
929,35.595767,137.0958562,-1.4,-71.798,-36.004,7,5337,71,93
930,35.5957605,137.0958563,-1.4,-73.798,-35.982,7,5337,71,93
931,35.5957573,137.0958564,-1.4,-74.798,-35.971,7,5337,71,93
932,35.5957541,137.0958564,-1.4,-75.798,-35.96,7,5337,71,93
933,35.5957521,137.0958564,-1.4,-76.388,-35.953,7,5337,71,93
934,35.5957456,137.0958565,-1.4,-78.388,-35.927,7,5337,71,93
935,35.5957424,137.0958566,-1.4,-79.388,-35.914,7,5337,71,93
936,35.5957392,137.0958566,-1.4,-80.388,-35.901,7,5337,71,93
937,35.5957372,137.0958567,-1.4,-81.007,-35.893,7,5337,71,93
938,35.5957307,137.0958569,-1.4,-83.007,-35.843,7,5337,71,93
939,35.5957274,137.095857,-1.4,-84.007,-35.818,7,5337,71,93
940,35.5957242,137.0958571,-1.4,-85.007,-35.793,7,5337,71,93
941,35.5957223,137.0958571,-1.4,-85.595,-35.778,7,5337,71,93
942,35.5957158,137.0958575,-1.4,-87.593,-35.688,7,5337,71,93
943,35.5957125,137.0958577,-1.4,-88.592,-35.643,7,5337,71,93
944,35.5957093,137.0958579,-1.4,-89.591,-35.598,7,5337,71,93
945,35.5957076,137.0958579,-1.4,-90.123,-35.574,7,5337,71,93
946,35.5957011,137.0958585,-1.4,-92.119,-35.444,7,5337,71,93
947,35.5956979,137.0958587,-1.4,-93.117,-35.379,7,5337,71,93
948,35.5956946,137.095859,-1.4,-94.115,-35.314,7,5337,71,93
949,35.595692,137.0958592,-1.4,-94.915,-35.25,7,5337,71,93
950,35.5956857,137.0958601,-1.4,-96.851,-35.029,7,5337,71,93
951,35.5956825,137.0958606,-1.4,-97.844,-34.911,7,5337,71,93
952,35.5956793,137.0958611,-1.4,-98.837,-34.793,7,5337,71,93
953,35.5956778,137.0958613,-1.4,-99.299,-34.738,7,5337,71,93
954,35.5956713,137.0958619,-1.4,-101.293,-34.576,7,5337,71,93
955,35.5956681,137.0958623,-1.4,-102.29,-34.495,7,5337,71,93
956,35.5956658,137.0958625,-1.4,-102.995,-34.438,7,5337,71,93
957,35.5956593,137.0958627,-1.4,-104.995,-34.382,7,5337,71,93
958,35.5956561,137.0958628,-1.4,-105.995,-34.354,7,5337,71,93
959,35.5956528,137.0958629,-1.4,-106.995,-34.326,7,5337,71,93
960,35.5956496,137.095863,-1.4,-107.995,-34.298,7,5337,71,93
961,35.5956468,137.0958631,-1.4,-108.862,-34.274,7,5337,71,93
962,35.5956403,137.0958634,-1.4,-110.862,-34.216,7,5337,71,93
963,35.595637,137.0958635,-1.4,-111.862,-34.187,7,5337,71,93
964,35.5956338,137.0958636,-1.4,-112.862,-34.158,7,5337,71,93
965,35.5956316,137.0958637,-1.4,-113.551,-34.138,7,5337,71,93
966,35.5956251,137.0958638,-1.4,-115.551,-34.11,7,5337,71,93
967,35.5956218,137.0958639,-1.4,-116.551,-34.096,7,5337,71,93
968,35.5956186,137.0958639,-1.4,-117.551,-34.082,7,5337,71,93
969,35.5956162,137.0958639,-1.4,-118.273,-34.072,7,5337,71,93
970,35.5956097,137.0958641,-1.4,-120.273,-34.026,7,5337,71,93
971,35.5956065,137.0958642,-1.4,-121.273,-34.003,7,5337,71,93
972,35.5956033,137.0958643,-1.4,-122.273,-33.98,7,5337,71,93
973,35.5956002,137.0958644,-1.4,-123.22,-33.958,7,5337,71,93
974,35.5955937,137.0958646,-1.4,-125.22,-33.912,7,5337,71,93
975,35.5955904,137.0958647,-1.4,-126.22,-33.889,7,5337,71,93
976,35.5955872,137.0958648,-1.4,-127.22,-33.866,7,5337,71,93
977,35.5955841,137.0958649,-1.4,-128.166,-33.845,7,5337,71,93
978,35.5955808,137.0958645,-1.4,-129.199,-33.937,7,5337,71,93
979,35.5955769,137.0958625,-1.4,-130.394,-34.425,7,5337,71,93
980,35.5955728,137.0958552,-1.4,-131.662,-36.27,7,5337,71,93
981,35.5955712,137.0958501,-1.4,-132.136,-37.529,7,5337,71,93
982,35.5955702,137.0958453,-1.4,-132.446,-38.749,7,5337,71,93
983,35.5955694,137.0958403,-1.4,-132.698,-39.998,7,5337,71,93
984,35.5955824,137.0958504,-1.4,-128.689,-37.464,7,5337,71,93
985,35.5955855,137.0958501,-1.4,-127.753,-37.551,7,5337,71,93
986,35.5955806,137.0958492,-1.4,-129.256,-37.769,7,5337,71,93
987,35.5955792,137.0958473,-1.4,-129.688,-38.243,7,5337,71,93
988,35.5955785,137.0958449,-1.4,-129.914,-38.836,7,5337,71,93
989,35.5955782,137.0958421,-1.4,-130.008,-39.555,7,5337,71,93
990,35.5955778,137.0958392,-1.4,-130.102,-40.274,7,5337,71,93
991,35.5955775,137.0958363,-1.4,-130.196,-40.993,7,5337,71,93
992,35.5955772,137.0958334,-1.4,-130.29,-41.712,7,5337,71,93
993,35.5955769,137.0958306,-1.4,-130.384,-42.431,7,5337,71,93
994,35.5955766,137.0958277,-1.4,-130.478,-43.15,7,5337,71,93
995,35.5955763,137.0958248,-1.4,-130.572,-43.869,7,5337,71,93
996,35.595576,137.095822,-1.4,-130.666,-44.588,7,5337,71,93
997,35.5955755,137.0958182,-1.4,-130.841,-45.534,7,5337,71,93
998,35.5955749,137.0958144,-1.4,-131.016,-46.48,7,5337,71,93
999,35.5955743,137.0958106,-1.4,-131.191,-47.426,7,5337,71,93
1000,35.5955737,137.0958068,-1.4,-131.366,-48.372,7,5337,71,93
1001,35.5955732,137.0958031,-1.4,-131.541,-49.318,7,5337,71,93
1002,35.5955726,137.0957993,-1.4,-131.716,-50.264,7,5337,71,93
1003,35.595572,137.0957955,-1.4,-131.891,-51.21,7,5337,71,93
1004,35.5955718,137.0957911,-1.4,-131.981,-52.324,7,5337,71,93
1005,35.5955715,137.0957866,-1.4,-132.071,-53.438,7,5337,71,93
1006,35.5955708,137.0957819,-1.4,-132.263,-54.62,7,5337,71,93
1007,35.5955702,137.0957772,-1.4,-132.455,-55.802,7,5337,71,93
1008,35.5955697,137.0957721,-1.4,-132.6,-57.085,7,5337,71,93
1009,35.5955694,137.0957669,-1.4,-132.716,-58.37,7,5337,71,93
1010,35.5955692,137.0957612,-1.4,-132.755,-59.808,7,5337,71,93
1011,35.5955691,137.0957554,-1.4,-132.794,-61.246,7,5337,71,93
1012,35.595569,137.0957497,-1.4,-132.833,-62.684,7,5337,71,93
1013,35.5955689,137.095744,-1.4,-132.872,-64.122,7,5337,71,93
1014,35.5955687,137.0957382,-1.4,-132.911,-65.56,7,5337,71,93
1015,35.5955686,137.0957325,-1.4,-132.95,-66.998,7,5337,71,93
1016,35.5955685,137.0957267,-1.4,-132.989,-68.436,7,5337,71,93
1017,35.5955684,137.095721,-1.4,-133.028,-69.874,7,5337,71,93
1018,35.5955682,137.0957152,-1.4,-133.067,-71.312,7,5337,71,93
1019,35.5955681,137.0957095,-1.4,-133.106,-72.75,7,5337,71,93
1020,35.595568,137.0957038,-1.4,-133.145,-74.188,7,5337,71,93
1021,35.5955678,137.095698,-1.4,-133.184,-75.626,7,5337,71,93
1022,35.5955677,137.0956923,-1.4,-133.223,-77.064,7,5337,71,93
1023,35.5955676,137.0956865,-1.4,-133.262,-78.502,7,5337,71,93
1024,35.5955675,137.0956808,-1.4,-133.301,-79.94,7,5337,71,93
1025,35.5955673,137.0956751,-1.4,-133.34,-81.378,7,5337,71,93
1026,35.5955672,137.0956693,-1.4,-133.379,-82.816,7,5337,71,93
1027,35.5955666,137.0956669,-1.4,-133.555,-83.417,7,5337,71,93
1028,35.5955665,137.0956623,-1.4,-133.61,-84.561,7,5337,71,93
1029,35.5955665,137.0956578,-1.4,-133.592,-85.7,7,5337,71,93
1030,35.5955664,137.095653,-1.4,-133.617,-86.909,7,5337,71,93
1031,35.5955664,137.0956481,-1.4,-133.642,-88.118,7,5337,71,93
1032,35.5955663,137.0956433,-1.4,-133.667,-89.327,7,5337,71,93
1033,35.5955662,137.0956385,-1.4,-133.692,-90.536,7,5337,71,93
1034,35.5955663,137.0956335,-1.4,-133.672,-91.794,7,5337,71,93
1035,35.5955661,137.0956282,-1.4,-133.712,-93.119,7,5337,71,93
1036,35.595566,137.0956229,-1.4,-133.752,-94.444,7,5337,71,93
1037,35.5955659,137.0956176,-1.4,-133.792,-95.769,7,5337,71,93
1038,35.5955657,137.0956123,-1.4,-133.832,-97.094,7,5337,71,93
1039,35.5955656,137.095607,-1.4,-133.872,-98.419,7,5337,71,93
1040,35.5955651,137.0956018,-1.4,-134.017,-99.73,7,5337,71,93
1041,35.5955647,137.0955965,-1.4,-134.162,-101.041,7,5337,71,93
1042,35.5955647,137.0955906,-1.4,-134.139,-102.52,7,5337,71,93
1043,35.5955648,137.0955847,-1.4,-134.116,-103.999,7,5337,71,93
1044,35.5955649,137.0955788,-1.4,-134.093,-105.478,7,5337,71,93
1045,35.595565,137.0955729,-1.4,-134.07,-106.957,7,5337,71,93
1046,35.595565,137.095567,-1.4,-134.047,-108.436,7,5337,71,93
1047,35.5955649,137.0955612,-1.4,-134.099,-109.891,7,5337,71,93
1048,35.5955647,137.0955554,-1.4,-134.151,-111.346,7,5337,71,93
1049,35.5955645,137.0955496,-1.4,-134.203,-112.801,7,5337,71,93
1050,35.5955644,137.0955438,-1.4,-134.255,-114.256,7,5337,71,93
1051,35.5955639,137.0955378,-1.4,-134.391,-115.757,7,5337,71,93
1052,35.5955635,137.0955318,-1.4,-134.527,-117.258,7,5337,71,93
1053,35.595563,137.0955258,-1.4,-134.663,-118.759,7,5337,71,93
1054,35.5955626,137.0955198,-1.4,-134.799,-120.26,7,5337,71,93
1055,35.5955623,137.0955137,-1.4,-134.885,-121.785,7,5337,71,93
1056,35.5955626,137.095507,-1.4,-134.794,-123.458,7,5337,71,93
1057,35.5955629,137.0955003,-1.4,-134.703,-125.131,7,5337,71,93
1058,35.595563,137.0954936,-1.4,-134.667,-126.815,7,5337,71,93
1059,35.5955627,137.0954867,-1.4,-134.761,-128.536,7,5337,71,93
1060,35.5955623,137.0954799,-1.4,-134.905,-130.258,7,5337,71,93
1061,35.5955612,137.0954728,-1.4,-135.229,-132.018,7,5337,71,93
1062,35.5955593,137.0954655,-1.4,-135.828,-133.857,7,5337,71,93
1063,35.5955563,137.0954586,-1.4,-136.746,-135.58,7,5337,71,93
1064,35.5955522,137.0954535,-1.4,-138.021,-136.854,7,5337,71,93
1065,35.5955478,137.0954485,-1.4,-139.357,-138.103,7,5337,71,93
1066,35.5955425,137.095446,-1.4,-140.994,-138.731,7,5337,71,93
1067,35.5955362,137.095445,-1.4,-142.935,-139.003,7,5337,71,93
1068,35.5955278,137.0954445,-1.4,-145.522,-139.117,7,5337,71,93
1069,35.595519,137.0954447,-1.4,-148.233,-139.055,7,5337,71,93
1070,35.5955103,137.0954454,-1.4,-150.926,-138.897,7,5337,71,93
1071,35.5955015,137.0954452,-1.4,-153.64,-138.942,7,5337,71,93
1072,35.5954983,137.0954452,-1.4,-154.616,-138.941,7,5337,71,93
1073,35.5954969,137.095443,-1.4,-155.052,-139.499,7,5337,71,93
1074,35.5954872,137.0954432,-1.4,-158.049,-139.44,7,5337,71,93
1075,35.595485,137.0954436,-1.4,-158.71,-139.338,7,5337,71,93
1076,35.5954815,137.0954434,-1.4,-159.802,-139.384,7,5337,71,93
1077,35.5954779,137.0954432,-1.4,-160.894,-139.43,7,5337,71,93
1078,35.5954639,137.0954442,-1.4,-165.223,-139.2,7,5337,71,93
1079,35.5954624,137.0954458,-1.4,-165.688,-138.779,7,5337,71,93
1080,35.5954599,137.0954467,-1.4,-166.443,-138.561,7,5337,71,93
1081,35.5954575,137.0954476,-1.4,-167.198,-138.343,7,5337,71,93
1082,35.5954507,137.0954472,-1.4,-169.276,-138.43,7,5337,71,93
1083,35.595444,137.0954469,-1.4,-171.354,-138.517,7,5337,71,93
1084,35.5954362,137.0954467,-1.4,-173.755,-138.557,7,5337,71,93
1085,35.5954281,137.0954469,-1.4,-176.261,-138.508,7,5337,71,93
1086,35.5954199,137.0954471,-1.4,-178.767,-138.459,7,5337,71,93
1087,35.5954118,137.0954473,-1.4,-181.273,-138.41,7,5337,71,93
1088,35.5954024,137.0954476,-1.4,-184.178,-138.349,7,5337,71,93
1089,35.595393,137.0954478,-1.4,-187.083,-138.288,7,5337,71,93
1090,35.5953835,137.0954481,-1.4,-189.988,-138.227,7,5337,71,93
1091,35.5953741,137.0954483,-1.4,-192.893,-138.166,7,5337,71,93
1092,35.5953647,137.0954485,-1.4,-195.798,-138.105,7,5337,71,93
1093,35.5953553,137.0954488,-1.4,-198.703,-138.044,7,5337,71,93
1094,35.5953458,137.095449,-1.4,-201.608,-137.983,7,5337,71,93
1095,35.5953356,137.0954494,-1.4,-204.758,-137.898,7,5337,71,93
1096,35.5953249,137.0954498,-1.4,-208.042,-137.802,7,5337,71,93
1097,35.5953143,137.0954501,-1.4,-211.326,-137.706,7,5337,71,93
1098,35.5953036,137.0954505,-1.4,-214.61,-137.61,7,5337,71,93
1099,35.595293,137.0954509,-1.4,-217.894,-137.514,7,5337,71,93
1100,35.5952823,137.0954513,-1.4,-221.178,-137.418,7,5337,71,93
1101,35.5952717,137.0954517,-1.4,-224.462,-137.322,7,5337,71,93
1102,35.595261,137.0954521,-1.4,-227.746,-137.226,7,5337,71,93
1103,35.5952504,137.0954524,-1.4,-231.03,-137.13,7,5337,71,93
1104,35.5952397,137.0954528,-1.4,-234.314,-137.034,7,5337,71,93
1105,35.595229,137.0954532,-1.4,-237.598,-136.938,7,5337,71,93
1106,35.5952184,137.0954536,-1.4,-240.882,-136.842,7,5337,71,93
1107,35.5952077,137.095454,-1.4,-244.166,-136.746,7,5337,71,93
1108,35.5951971,137.0954544,-1.4,-247.45,-136.65,7,5337,71,93
1109,35.5951864,137.0954547,-1.4,-250.734,-136.554,7,5337,71,93
1110,35.5951754,137.0954548,-1.4,-254.122,-136.533,7,5337,71,93
1111,35.5951644,137.0954549,-1.4,-257.51,-136.512,7,5337,71,93
1112,35.5951534,137.095455,-1.4,-260.898,-136.491,7,5337,71,93
1113,35.5951425,137.0954551,-1.4,-264.286,-136.47,7,5337,71,93
1114,35.5951315,137.0954552,-1.4,-267.674,-136.449,7,5337,71,93
1115,35.5951203,137.0954556,-1.4,-271.113,-136.344,7,5337,71,93
1116,35.5951091,137.095456,-1.4,-274.552,-136.239,7,5337,71,93
1117,35.595098,137.0954564,-1.4,-277.991,-136.134,7,5337,71,93
1118,35.5950868,137.0954568,-1.4,-281.43,-136.029,7,5337,71,93
1119,35.5950757,137.0954573,-1.4,-284.869,-135.924,7,5337,71,93
1120,35.5950645,137.0954577,-1.4,-288.308,-135.819,7,5337,71,93
1121,35.5950533,137.0954581,-1.4,-291.747,-135.714,7,5337,71,93
1122,35.5950422,137.0954585,-1.4,-295.186,-135.609,7,5337,71,93
1123,35.595031,137.0954589,-1.4,-298.625,-135.504,7,5337,71,93
1124,35.5950199,137.0954594,-1.4,-302.064,-135.399,7,5337,71,93
1125,35.5950087,137.0954591,-1.4,-305.511,-135.472,7,5337,71,93
1126,35.5949974,137.0954596,-1.4,-308.996,-135.349,7,5337,71,93
1127,35.5949861,137.09546,-1.4,-312.481,-135.226,7,5337,71,93
1128,35.5949748,137.0954605,-1.4,-315.966,-135.103,7,5337,71,93
1129,35.5949636,137.0954606,-1.4,-319.42,-135.088,7,5337,71,93
1130,35.5949523,137.0954607,-1.4,-322.874,-135.073,7,5337,71,93
1131,35.5949411,137.0954607,-1.4,-326.328,-135.058,7,5337,71,93
1132,35.5949299,137.095461,-1.4,-329.787,-134.977,7,5337,71,93
1133,35.5949275,137.0954609,-1.4,-330.536,-135.014,7,5337,71,93
1134,35.5949277,137.0954659,-1.4,-330.478,-133.772,7,5337,71,93
1135,35.5949258,137.0954657,-1.4,-331.051,-133.814,7,5337,71,93
1136,35.5949254,137.0954388,-1.4,-331.167,-140.552,7,5337,71,93
1137,35.5949202,137.0954393,-1.4,-332.794,-140.433,7,5337,71,93
1138,35.5949203,137.0954668,-1.4,-332.758,-133.544,7,5337,71,93
1139,35.5949191,137.0954671,-1.4,-333.129,-133.46,7,5337,71,93
1140,35.5949189,137.0954621,-1.4,-333.183,-134.708,7,5337,71,93
1141,35.5949058,137.0954621,-1.4,-337.218,-134.722,7,5337,71,93
1142,35.5948927,137.095462,-1.4,-341.253,-134.736,7,5337,71,93
1143,35.5948796,137.0954619,-1.4,-345.288,-134.75,7,5337,71,93
1144,35.5948796,137.0954462,-1.4,-345.287,-138.686,7,5337,71,93
1145,35.5948686,137.0954464,-1.4,-348.672,-138.654,7,5337,71,93
1146,35.594857,137.0954475,-1.4,-352.248,-138.367,7,5337,71,93
1147,35.5948454,137.0954486,-1.4,-355.824,-138.08,7,5337,71,93
1148,35.5948338,137.0954498,-1.4,-359.4,-137.793,7,5337,71,93
1149,35.5948121,137.0954501,-1.4,-366.101,-137.726,7,5337,71,93
1150,35.5948117,137.0954655,-1.4,-366.221,-133.859,7,5337,71,93
1151,35.5947998,137.0954654,-1.4,-369.889,-133.892,7,5337,71,93
1152,35.5947879,137.0954656,-1.4,-373.553,-133.838,7,5337,71,93
1153,35.5947761,137.095466,-1.4,-377.187,-133.74,7,5337,71,93
1154,35.5947643,137.0954664,-1.4,-380.821,-133.642,7,5337,71,93
1155,35.5947523,137.0954673,-1.4,-384.541,-133.417,7,5337,71,93
1156,35.5947402,137.0954686,-1.4,-388.249,-133.085,7,5337,71,93
1157,35.5947331,137.0954696,-1.4,-390.457,-132.833,7,5337,71,93
1158,35.5947293,137.0954699,-1.4,-391.615,-132.757,7,5337,71,93
1159,35.5947255,137.0954702,-1.4,-392.773,-132.681,7,5337,71,93
1160,35.5947234,137.0954699,-1.4,-393.444,-132.762,7,5337,71,93
1161,35.5947214,137.0954675,-1.4,-394.041,-133.35,7,5337,71,93
1162,35.5947209,137.0954632,-1.4,-394.199,-134.438,7,5337,71,93
1163,35.5947208,137.0954589,-1.4,-394.22,-135.514,7,5337,71,93
1164,35.5947209,137.0955227,-1.4,-394.218,-119.524,7,5337,71,93
1165,35.594721,137.0955385,-1.4,-394.16,-115.566,7,5337,71,93
1166,35.5947214,137.0955163,-1.4,-394.048,-121.129,7,5337,71,93
1167,35.5947232,137.0955096,-1.4,-393.497,-122.822,7,5337,71,93
1168,35.5947262,137.0955034,-1.4,-392.563,-124.368,7,5337,71,93
1169,35.5947301,137.0954984,-1.4,-391.376,-125.629,7,5337,71,93
1170,35.5947345,137.0954948,-1.4,-390.022,-126.52,7,5337,71,93
1171,35.5947392,137.0954936,-1.4,-388.571,-126.821,7,5337,71,93
1172,35.59474,137.0954934,-1.4,-388.319,-126.877,7,5337,71,93
1173,35.5947398,137.0954903,-1.4,-388.388,-127.639,7,5337,71,93
1174,35.5947412,137.0954904,-1.4,-387.944,-127.631,7,5337,71,93
1175,35.5947411,137.0954934,-1.4,-387.986,-126.882,7,5337,71,93
1176,35.5947448,137.0954929,-1.4,-386.822,-127.009,7,5337,71,93
1177,35.5947478,137.0954926,-1.4,-385.909,-127.084,7,5337,71,93
1178,35.5947495,137.0954937,-1.4,-385.384,-126.802,7,5337,71,93
1179,35.5947505,137.0954959,-1.4,-385.092,-126.255,7,5337,71,93
1180,35.5947504,137.0955013,-1.4,-385.101,-124.892,7,5337,71,93
1181,35.5947504,137.0955068,-1.4,-385.11,-123.529,7,5337,71,93
1182,35.5947504,137.0955122,-1.4,-385.119,-122.166,7,5337,71,93
1183,35.5947503,137.0955176,-1.4,-385.128,-120.803,7,5337,71,93
1184,35.5947506,137.0955176,-1.4,-385.055,-120.818,7,5337,71,93
1185,35.5947663,137.095517,-1.4,-380.22,-120.952,7,5337,71,93
1186,35.5947658,137.0954954,-1.4,-380.378,-126.383,7,5337,71,93
1187,35.5947663,137.0954933,-1.4,-380.215,-126.908,7,5337,71,93
1188,35.5947671,137.0954921,-1.4,-379.972,-127.207,7,5337,71,93
1189,35.5947688,137.0954912,-1.4,-379.446,-127.416,7,5337,71,93
1190,35.5947708,137.095491,-1.4,-378.836,-127.468,7,5337,71,93
1191,35.5947733,137.0954911,-1.4,-378.063,-127.457,7,5337,71,93
1192,35.5947759,137.095491,-1.4,-377.263,-127.478,7,5337,71,93
1193,35.5947786,137.0954908,-1.4,-376.427,-127.523,7,5337,71,93
1194,35.5947816,137.0954909,-1.4,-375.507,-127.507,7,5337,71,93
1195,35.5947845,137.0954909,-1.4,-374.587,-127.491,7,5337,71,93
1196,35.5947875,137.095491,-1.4,-373.667,-127.475,7,5337,71,93
1197,35.5947903,137.0954909,-1.4,-372.8,-127.503,7,5337,71,93
1198,35.5947932,137.0954908,-1.4,-371.933,-127.531,7,5337,71,93
1199,35.594796,137.0954907,-1.4,-371.066,-127.559,7,5337,71,93
1200,35.5947988,137.0954905,-1.4,-370.199,-127.587,7,5337,71,93
1201,35.5948016,137.0954904,-1.4,-369.332,-127.615,7,5337,71,93
1202,35.5948044,137.0954903,-1.4,-368.465,-127.643,7,5337,71,93
1203,35.5948072,137.0954902,-1.4,-367.598,-127.671,7,5337,71,93
1204,35.5948084,137.09549,-1.4,-367.229,-127.72,7,5337,71,93
1205,35.5948098,137.0954907,-1.4,-366.79,-127.551,7,5337,71,93
1206,35.594811,137.0954921,-1.4,-366.439,-127.188,7,5337,71,93
1207,35.5948112,137.0954944,-1.4,-366.368,-126.612,7,5337,71,93
1208,35.5948113,137.0954973,-1.4,-366.331,-125.886,7,5337,71,93
1209,35.5948115,137.0955002,-1.4,-366.294,-125.16,7,5337,71,93
1210,35.5948116,137.0955031,-1.4,-366.257,-124.434,7,5337,71,93
1211,35.5948115,137.0955064,-1.4,-366.279,-123.613,7,5337,71,93
1212,35.5948114,137.0955097,-1.4,-366.301,-122.792,7,5337,71,93
1213,35.5948114,137.095513,-1.4,-366.323,-121.971,7,5337,71,93
1214,35.5948113,137.0955163,-1.4,-366.345,-121.15,7,5337,71,93
1215,35.5948112,137.0955195,-1.4,-366.367,-120.329,7,5337,71,93
1216,35.5948124,137.0955515,-1.4,-366.019,-112.319,7,5337,71,93
1217,35.5948269,137.0955516,-1.4,-361.525,-112.289,7,5337,71,93
1218,35.594826,137.0954936,-1.4,-361.809,-126.835,7,5337,71,93
1219,35.594827,137.0954909,-1.4,-361.503,-127.501,7,5337,71,93
1220,35.5948291,137.0954905,-1.4,-360.851,-127.602,7,5337,71,93
1221,35.5948309,137.0954912,-1.4,-360.31,-127.434,7,5337,71,93
1222,35.5948317,137.0954932,-1.4,-360.067,-126.933,7,5337,71,93
1223,35.5948319,137.095498,-1.4,-360.007,-125.73,7,5337,71,93
1224,35.5948468,137.0954941,-1.4,-355.417,-126.698,7,5337,71,93
1225,35.5948472,137.0954931,-1.4,-355.273,-126.941,7,5337,71,93
1226,35.5948498,137.0954927,-1.4,-354.492,-127.038,7,5337,71,93
1227,35.594853,137.0954924,-1.4,-353.505,-127.135,7,5337,71,93
1228,35.5948562,137.095492,-1.4,-352.518,-127.232,7,5337,71,93
1229,35.5948594,137.0954916,-1.4,-351.531,-127.329,7,5337,71,93
1230,35.5948626,137.0954912,-1.4,-350.544,-127.426,7,5337,71,93
1231,35.5948662,137.0954898,-1.4,-349.413,-127.781,7,5337,71,93
1232,35.5948699,137.0954884,-1.4,-348.282,-128.136,7,5337,71,93
1233,35.5948736,137.0954869,-1.4,-347.151,-128.491,7,5337,71,93
1234,35.5948743,137.0954905,-1.4,-346.931,-127.588,7,5337,71,93
1235,35.5948748,137.095495,-1.4,-346.786,-126.469,7,5337,71,93
1236,35.5948752,137.0954995,-1.4,-346.641,-125.35,7,5337,71,93
1237,35.5948764,137.0955141,-1.4,-346.276,-121.682,7,5337,71,93
1238,35.594892,137.0955142,-1.4,-341.458,-121.669,7,5337,71,93
1239,35.5948922,137.0954874,-1.4,-341.417,-128.37,7,5337,71,93
1240,35.5948947,137.0954856,-1.4,-340.634,-128.834,7,5337,71,93
1241,35.5948975,137.0954846,-1.4,-339.774,-129.08,7,5337,71,93
1242,35.5949001,137.0954858,-1.4,-338.975,-128.778,7,5337,71,93
1243,35.5949027,137.095487,-1.4,-338.176,-128.476,7,5337,71,93
1244,35.5949072,137.0954868,-1.4,-336.8,-128.528,7,5337,71,93
1245,35.5949116,137.0954866,-1.4,-335.424,-128.58,7,5337,71,93
1246,35.5949126,137.0954937,-1.4,-335.117,-126.803,7,5337,71,93
1247,35.5949134,137.0955198,-1.4,-334.886,-120.266,7,5337,71,93
1248,35.5949284,137.0954861,-1.4,-330.247,-128.711,7,5337,71,93
1249,35.5949295,137.0954858,-1.4,-329.92,-128.788,7,5337,71,93
1250,35.5949339,137.0954855,-1.4,-328.544,-128.84,7,5337,71,93
1251,35.5949384,137.0954853,-1.4,-327.168,-128.892,7,5337,71,93
1252,35.5949429,137.0954851,-1.4,-325.792,-128.944,7,5337,71,93
1253,35.5949473,137.0954849,-1.4,-324.416,-128.996,7,5337,71,93
1254,35.5949518,137.0954847,-1.4,-323.04,-129.048,7,5337,71,93
1255,35.5949563,137.0954845,-1.4,-321.664,-129.1,7,5337,71,93
1256,35.5949607,137.0954843,-1.4,-320.288,-129.152,7,5337,71,93
1257,35.5949635,137.0954841,-1.4,-319.426,-129.206,7,5337,71,93
1258,35.5949675,137.0954878,-1.4,-318.198,-128.27,7,5337,71,93
1259,35.5949715,137.0954918,-1.4,-316.983,-127.279,7,5337,71,93
1260,35.5949757,137.0954953,-1.4,-315.683,-126.402,7,5337,71,93
1261,35.5949794,137.0954988,-1.4,-314.525,-125.53,7,5337,71,93
1262,35.594982,137.0955011,-1.4,-313.746,-124.949,7,5337,71,93
1263,35.5949971,137.0955018,-1.4,-309.073,-124.762,7,5337,71,93
1264,35.5949972,137.0954989,-1.4,-309.06,-125.497,7,5337,71,93
1265,35.5949998,137.0954949,-1.4,-308.238,-126.507,7,5337,71,93
1266,35.5950025,137.0954908,-1.4,-307.416,-127.517,7,5337,71,93
1267,35.5950033,137.0954895,-1.4,-307.176,-127.847,7,5337,71,93
1268,35.5950041,137.0954887,-1.4,-306.936,-128.052,7,5337,71,93
1269,35.5950054,137.0954883,-1.4,-306.537,-128.154,7,5337,71,93
1270,35.5950081,137.0954882,-1.4,-305.695,-128.164,7,5337,71,93
1271,35.5950108,137.0954882,-1.4,-304.853,-128.174,7,5337,71,93
1272,35.5950136,137.0954882,-1.4,-304.011,-128.184,7,5337,71,93
1273,35.5950163,137.0954881,-1.4,-303.169,-128.194,7,5337,71,93
1274,35.595019,137.0954881,-1.4,-302.327,-128.204,7,5337,71,93
1275,35.5950213,137.0954887,-1.4,-301.628,-128.048,7,5337,71,93
1276,35.5950222,137.0954908,-1.4,-301.351,-127.514,7,5337,71,93
1277,35.5950223,137.0954934,-1.4,-301.321,-126.883,7,5337,71,93
1278,35.5950224,137.0954959,-1.4,-301.291,-126.252,7,5337,71,93
1279,35.5950399,137.0954962,-1.4,-295.898,-126.173,7,5337,71,93
1280,35.5950437,137.0954889,-1.4,-294.719,-127.991,7,5337,71,93
1281,35.5950456,137.0954856,-1.4,-294.142,-128.816,7,5337,71,93
1282,35.5950478,137.0954838,-1.4,-293.451,-129.275,7,5337,71,93
1283,35.5950501,137.0954836,-1.4,-292.75,-129.32,7,5337,71,93
1284,35.5950508,137.0954856,-1.4,-292.546,-128.815,7,5337,71,93
1285,35.5950508,137.0954893,-1.4,-292.527,-127.903,7,5337,71,93
1286,35.5950507,137.0955138,-1.4,-292.559,-121.751,7,5337,71,93
1287,35.5950664,137.0955133,-1.4,-287.726,-121.885,7,5337,71,93
1288,35.5950658,137.095486,-1.4,-287.91,-128.732,7,5337,71,93
1289,35.5950665,137.0954818,-1.4,-287.699,-129.786,7,5337,71,93
1290,35.595068,137.0954819,-1.4,-287.238,-129.753,7,5337,71,93
1291,35.595073,137.0954819,-1.4,-285.699,-129.753,7,5337,71,93
1292,35.595078,137.0954819,-1.4,-284.16,-129.753,7,5337,71,93
1293,35.5950826,137.0954819,-1.4,-282.718,-129.74,7,5337,71,93
1294,35.595083,137.0954807,-1.4,-282.604,-130.05,7,5337,71,93
1295,35.5950877,137.0954809,-1.4,-281.171,-129.999,7,5337,71,93
1296,35.5950923,137.0954811,-1.4,-279.738,-129.948,7,5337,71,93
1297,35.595097,137.0954813,-1.4,-278.305,-129.897,7,5337,71,93
1298,35.5950983,137.0954821,-1.4,-277.883,-129.7,7,5337,71,93
1299,35.5950985,137.0954854,-1.4,-277.834,-128.875,7,5337,71,93
1300,35.5950984,137.0954908,-1.4,-277.874,-127.531,7,5337,71,93
1301,35.5950985,137.0954966,-1.4,-277.838,-126.068,7,5337,71,93
1302,35.5950986,137.0955025,-1.4,-277.802,-124.605,7,5337,71,93
1303,35.5950987,137.0955083,-1.4,-277.766,-123.142,7,5337,71,93
1304,35.5950987,137.0955098,-1.4,-277.764,-122.755,7,5337,71,93
1305,35.595116,137.0955095,-1.4,-272.429,-122.83,7,5337,71,93
1306,35.5951162,137.0954883,-1.4,-272.386,-128.152,7,5337,71,93
1307,35.5951217,137.0954882,-1.4,-270.693,-128.167,7,5337,71,93
1308,35.5951217,137.0954795,-1.4,-270.693,-130.363,7,5337,71,93
1309,35.5951243,137.0954794,-1.4,-269.875,-130.386,7,5337,71,93
1310,35.5951269,137.0954794,-1.4,-269.076,-130.377,7,5337,71,93
1311,35.5951295,137.0954794,-1.4,-268.277,-130.368,7,5337,71,93
1312,35.5951321,137.0954795,-1.4,-267.478,-130.359,7,5337,71,93
1313,35.5951347,137.0954795,-1.4,-266.679,-130.35,7,5337,71,93
1314,35.5951373,137.0954795,-1.4,-265.88,-130.341,7,5337,71,93
1315,35.5951399,137.0954796,-1.4,-265.081,-130.332,7,5337,71,93
1316,35.5951425,137.0954796,-1.4,-264.282,-130.323,7,5337,71,93
1317,35.5951451,137.0954797,-1.4,-263.483,-130.314,7,5337,71,93
1318,35.5951476,137.0954797,-1.4,-262.684,-130.305,7,5337,71,93
1319,35.5951502,137.0954797,-1.4,-261.885,-130.296,7,5337,71,93
1320,35.5951515,137.0954806,-1.4,-261.5,-130.081,7,5337,71,93
1321,35.5951521,137.0954835,-1.4,-261.312,-129.344,7,5337,71,93
1322,35.5951515,137.0954875,-1.4,-261.494,-128.338,7,5337,71,93
1323,35.5951497,137.0954916,-1.4,-262.059,-127.33,7,5337,71,93
1324,35.5951477,137.0954938,-1.4,-262.678,-126.778,7,5337,71,93
1325,35.5951473,137.0955265,-1.4,-262.785,-118.579,7,5337,71,93
1326,35.5951676,137.0955264,-1.4,-256.54,-118.617,7,5337,71,93
1327,35.5951667,137.0955026,-1.4,-256.805,-124.555,7,5337,71,93
1328,35.5951678,137.0954991,-1.4,-256.478,-125.439,7,5337,71,93
1329,35.5951676,137.0954889,-1.4,-256.547,-128.006,7,5337,71,93
1330,35.5951703,137.0954837,-1.4,-255.71,-129.299,7,5337,71,93
1331,35.5951743,137.0954803,-1.4,-254.482,-130.14,7,5337,71,93
1332,35.5951788,137.0954793,-1.4,-253.074,-130.412,7,5337,71,93
1333,35.5951841,137.095479,-1.4,-251.457,-130.47,7,5337,71,93
1334,35.5951893,137.0954789,-1.4,-249.851,-130.505,7,5337,71,93
1335,35.5951951,137.0954788,-1.4,-248.068,-130.525,7,5337,71,93
1336,35.5952009,137.0954787,-1.4,-246.285,-130.545,7,5337,71,93
1337,35.5952066,137.0954787,-1.4,-244.502,-130.565,7,5337,71,93
1338,35.5952124,137.0954786,-1.4,-242.719,-130.585,7,5337,71,93
1339,35.5952182,137.0954782,-1.4,-240.933,-130.668,7,5337,71,93
1340,35.595224,137.095478,-1.4,-239.153,-130.731,7,5337,71,93
1341,35.5952295,137.0954779,-1.4,-237.453,-130.764,7,5337,71,93
1342,35.5952357,137.095478,-1.4,-235.557,-130.739,7,5337,71,93
1343,35.5952414,137.0954779,-1.4,-233.8,-130.747,7,5337,71,93
1344,35.5952471,137.0954774,-1.4,-232.036,-130.881,7,5337,71,93
1345,35.5952536,137.0954771,-1.4,-230.039,-130.944,7,5337,71,93
1346,35.5952601,137.0954769,-1.4,-228.042,-131.007,7,5337,71,93
1347,35.5952665,137.0954766,-1.4,-226.045,-131.07,7,5337,71,93
1348,35.595273,137.0954764,-1.4,-224.048,-131.133,7,5337,71,93
1349,35.5952763,137.0954759,-1.4,-223.032,-131.247,7,5337,71,93
1350,35.5952793,137.0954793,-1.4,-222.108,-130.403,7,5337,71,93
1351,35.5952823,137.0954827,-1.4,-221.184,-129.559,7,5337,71,93
1352,35.5952854,137.095487,-1.4,-220.236,-128.463,7,5337,71,93
1353,35.5952865,137.0954896,-1.4,-219.886,-127.817,7,5337,71,93
1354,35.5952867,137.0954938,-1.4,-219.842,-126.781,7,5337,71,93
1355,35.5952868,137.0954979,-1.4,-219.798,-125.745,7,5337,71,93
1356,35.5952868,137.0955023,-1.4,-219.806,-124.642,7,5337,71,93
1357,35.5952869,137.0955362,-1.4,-219.773,-116.14,7,5337,71,93
1358,35.5953025,137.0955357,-1.4,-214.976,-116.27,7,5337,71,93
1359,35.595302,137.0955005,-1.4,-215.115,-125.105,7,5337,71,93
1360,35.5953019,137.0954803,-1.4,-215.14,-130.15,7,5337,71,93
1361,35.5953023,137.0954779,-1.4,-215.034,-130.745,7,5337,71,93
1362,35.5953032,137.095476,-1.4,-214.747,-131.234,7,5337,71,93
1363,35.5953049,137.0954748,-1.4,-214.219,-131.522,7,5337,71,93
1364,35.5953073,137.0954747,-1.4,-213.472,-131.561,7,5337,71,93
1365,35.5953098,137.0954745,-1.4,-212.725,-131.6,7,5337,71,93
1366,35.5953122,137.0954744,-1.4,-211.978,-131.639,7,5337,71,93
1367,35.5953146,137.0954742,-1.4,-211.231,-131.678,7,5337,71,93
1368,35.5953168,137.0954744,-1.4,-210.539,-131.641,7,5337,71,93
1369,35.5953181,137.0954754,-1.4,-210.148,-131.385,7,5337,71,93
1370,35.5953189,137.0954769,-1.4,-209.895,-131.01,7,5337,71,93
1371,35.5953191,137.0954797,-1.4,-209.852,-130.311,7,5337,71,93
1372,35.5953192,137.0954825,-1.4,-209.809,-129.612,7,5337,71,93
1373,35.5953192,137.0954855,-1.4,-209.817,-128.86,7,5337,71,93
1374,35.5953192,137.0954885,-1.4,-209.802,-128.104,7,5337,71,93
1375,35.5953193,137.0954915,-1.4,-209.795,-127.354,7,5337,71,93
1376,35.5953194,137.0954944,-1.4,-209.745,-126.612,7,5337,71,93
1377,35.5953193,137.0954975,-1.4,-209.795,-125.838,7,5337,71,93
1378,35.5953191,137.0955005,-1.4,-209.857,-125.1,7,5337,71,93
1379,35.595319,137.0955035,-1.4,-209.865,-124.348,7,5337,71,93
1380,35.5953324,137.0955035,-1.4,-205.745,-124.347,7,5337,71,93
1381,35.5953329,137.0955047,-1.4,-205.601,-124.051,7,5337,71,93
1382,35.5953462,137.0955043,-1.4,-201.503,-124.143,7,5337,71,93
1383,35.5953462,137.0955015,-1.4,-201.504,-124.854,7,5337,71,93
1384,35.5953504,137.0955011,-1.4,-200.187,-124.93,7,5337,71,93
1385,35.59535,137.0954769,-1.4,-200.313,-131.002,7,5337,71,93
1386,35.5953506,137.0954753,-1.4,-200.152,-131.403,7,5337,71,93
1387,35.5953513,137.0954742,-1.4,-199.933,-131.671,7,5337,71,93
1388,35.5953534,137.0954739,-1.4,-199.265,-131.742,7,5337,71,93
1389,35.5953557,137.0954739,-1.4,-198.556,-131.745,7,5337,71,93
1390,35.5953581,137.0954752,-1.4,-197.84,-131.42,7,5337,71,93
1391,35.5953605,137.0954773,-1.4,-197.086,-130.9,7,5337,71,93
1392,35.5953629,137.0954794,-1.4,-196.332,-130.38,7,5337,71,93
1393,35.5953651,137.0954819,-1.4,-195.672,-129.748,7,5337,71,93
1394,35.5953663,137.0954853,-1.4,-195.292,-128.907,7,5337,71,93
1395,35.5953667,137.0954888,-1.4,-195.183,-128.031,7,5337,71,93
1396,35.595367,137.0954925,-1.4,-195.085,-127.086,7,5337,71,93
1397,35.5953671,137.0954967,-1.4,-195.04,-126.051,7,5337,71,93
1398,35.5953671,137.0955009,-1.4,-195.051,-124.992,7,5337,71,93
1399,35.5953671,137.0955051,-1.4,-195.062,-123.933,7,5337,71,93
1400,35.595367,137.0955094,-1.4,-195.073,-122.874,7,5337,71,93
1401,35.5953671,137.0955136,-1.4,-195.04,-121.822,7,5337,71,93
1402,35.5953672,137.0955179,-1.4,-195.018,-120.738,7,5337,71,93
1403,35.5953674,137.0955218,-1.4,-194.973,-119.755,7,5337,71,93
1404,35.5953814,137.0955163,-1.4,-190.652,-121.131,7,5337,71,93
1405,35.5953814,137.0955119,-1.4,-190.646,-122.24,7,5337,71,93
1406,35.595382,137.0955071,-1.4,-190.466,-123.442,7,5337,71,93
1407,35.5953835,137.0955021,-1.4,-189.997,-124.68,7,5337,71,93
1408,35.5953861,137.0954969,-1.4,-189.206,-126,7,5337,71,93
1409,35.5953887,137.0954916,-1.4,-188.404,-127.312,7,5337,71,93
1410,35.5953927,137.095487,-1.4,-187.163,-128.48,7,5337,71,93
1411,35.5953972,137.0954823,-1.4,-185.772,-129.662,7,5337,71,93
1412,35.595403,137.095478,-1.4,-183.996,-130.722,7,5337,71,93
1413,35.5954088,137.0954738,-1.4,-182.2,-131.785,7,5337,71,93
1414,35.5954152,137.0954727,-1.4,-180.227,-132.054,7,5337,71,93
1415,35.595422,137.0954722,-1.4,-178.138,-132.169,7,5337,71,93
1416,35.5954288,137.0954718,-1.4,-176.049,-132.284,7,5337,71,93
1417,35.5954355,137.0954713,-1.4,-173.96,-132.399,7,5337,71,93
1418,35.5954429,137.0954714,-1.4,-171.696,-132.369,7,5337,71,93
1419,35.5954502,137.0954716,-1.4,-169.432,-132.339,7,5337,71,93
1420,35.5954576,137.0954717,-1.4,-167.168,-132.309,7,5337,71,93
1421,35.5954649,137.0954718,-1.4,-164.904,-132.279,7,5337,71,93
1422,35.5954723,137.0954719,-1.4,-162.64,-132.249,7,5337,71,93
1423,35.5954802,137.0954717,-1.4,-160.182,-132.313,7,5337,71,93
1424,35.5954888,137.0954706,-1.4,-157.553,-132.576,7,5337,71,93
1425,35.5954957,137.0954814,-1.4,-155.432,-129.884,7,5337,71,93
1426,35.595496,137.0954968,-1.4,-155.329,-126.019,7,5337,71,93
1427,35.5955029,137.0954968,-1.4,-153.202,-126.013,7,5337,71,93
1428,35.5955029,137.0954939,-1.4,-153.21,-126.741,7,5337,71,93
1429,35.5955049,137.0954938,-1.4,-152.569,-126.768,7,5337,71,93
1430,35.5955049,137.0954958,-1.4,-152.57,-126.261,7,5337,71,93
1431,35.5955252,137.0954956,-1.4,-146.333,-126.331,7,5337,71,93
1432,35.5955265,137.0954939,-1.4,-145.939,-126.746,7,5337,71,93
1433,35.5955382,137.0954939,-1.4,-142.308,-126.744,7,5337,71,93
1434,35.5955418,137.0954946,-1.4,-141.206,-126.573,7,5337,71,93
1435,35.5955456,137.0954951,-1.4,-140.046,-126.44,7,5337,71,93
1436,35.5955467,137.0954955,-1.4,-139.696,-126.334,7,5337,71,93
1437,35.5955475,137.0954967,-1.4,-139.464,-126.036,7,5337,71,93
1438,35.595548,137.0954985,-1.4,-139.291,-125.604,7,5337,71,93
1439,35.5955484,137.0955035,-1.4,-139.165,-124.343,7,5337,71,93
1440,35.5955485,137.0955111,-1.4,-139.142,-122.446,7,5337,71,93
1441,35.5955488,137.0955214,-1.4,-139.048,-119.854,7,5337,71,93
1442,35.5955491,137.0955318,-1.4,-138.954,-117.262,7,5337,71,93
1443,35.5955492,137.0955423,-1.4,-138.918,-114.613,7,5337,71,93
1444,35.5955494,137.0955529,-1.4,-138.882,-111.964,7,5337,71,93
1445,35.5955495,137.0955635,-1.4,-138.846,-109.315,7,5337,71,93
1446,35.5955496,137.0955741,-1.4,-138.81,-106.666,7,5337,71,93
1447,35.5955499,137.0955848,-1.4,-138.716,-103.978,7,5337,71,93
1448,35.5955502,137.0955955,-1.4,-138.622,-101.29,7,5337,71,93
1449,35.5955505,137.0956063,-1.4,-138.528,-98.602,7,5337,71,93
1450,35.5955505,137.0956116,-1.4,-138.522,-97.27,7,5337,71,93
1451,35.5955507,137.0956144,-1.4,-138.478,-96.559,7,5337,71,93
1452,35.5955508,137.0956186,-1.4,-138.451,-95.509,7,5337,71,93
1453,35.5955508,137.0956219,-1.4,-138.429,-94.688,7,5337,71,93
1454,35.5955507,137.0956325,-1.4,-138.462,-92.033,7,5337,71,93
1455,35.5955509,137.0956418,-1.4,-138.399,-89.713,7,5337,71,93
1456,35.5955513,137.0956512,-1.4,-138.277,-87.355,7,5337,71,93
1457,35.5955509,137.0956572,-1.4,-138.401,-85.84,7,5337,71,93
1458,35.5955511,137.0956634,-1.4,-138.36,-84.302,7,5337,71,93
1459,35.5955512,137.0956695,-1.4,-138.319,-82.764,7,5337,71,93
1460,35.5955513,137.0956757,-1.4,-138.278,-81.226,7,5337,71,93
1461,35.5955515,137.0956818,-1.4,-138.237,-79.688,7,5337,71,93
1462,35.5955514,137.0956883,-1.4,-138.253,-78.064,7,5337,71,93
1463,35.5955513,137.0956948,-1.4,-138.269,-76.44,7,5337,71,93
1464,35.5955514,137.0957013,-1.4,-138.238,-74.793,7,5337,71,93
1465,35.5955515,137.0957079,-1.4,-138.207,-73.146,7,5337,71,93
1466,35.5955517,137.0957145,-1.4,-138.176,-71.499,7,5337,71,93
1467,35.5955518,137.0957211,-1.4,-138.145,-69.852,7,5337,71,93
1468,35.5955519,137.0957277,-1.4,-138.114,-68.205,7,5337,71,93
1469,35.5955518,137.0957313,-1.4,-138.115,-67.291,7,5337,71,93
1470,35.5955513,137.0957335,-1.4,-138.272,-66.73,7,5337,71,93
1471,35.5955501,137.0957352,-1.4,-138.669,-66.315,7,5337,71,93
1472,35.5955481,137.0957363,-1.4,-139.281,-66.034,7,5337,71,93
1473,35.5955449,137.095736,-1.4,-140.249,-66.109,7,5337,71,93
1474,35.5955417,137.0957358,-1.4,-141.229,-66.159,7,5337,71,93
1475,35.5955396,137.0957363,-1.4,-141.887,-66.04,7,5337,71,93
1476,35.5955371,137.0957373,-1.4,-142.674,-65.781,7,5337,71,93
1477,35.5955369,137.0957434,-1.4,-142.708,-64.249,7,5337,71,93
1478,35.5955117,137.0957438,-1.4,-150.482,-64.173,7,5337,71,93
1479,35.5955119,137.0957529,-1.4,-150.441,-61.893,7,5337,71,93
1480,35.5955348,137.0957525,-1.4,-143.372,-61.98,7,5337,71,93
1481,35.5955408,137.0957518,-1.4,-141.525,-62.148,7,5337,71,93
1482,35.5955471,137.0957517,-1.4,-139.589,-62.173,7,5337,71,93
1483,35.5955499,137.0957517,-1.4,-138.729,-62.178,7,5337,71,93
1484,35.5955516,137.0957518,-1.4,-138.188,-62.16,7,5337,71,93
1485,35.5955523,137.095753,-1.4,-137.987,-61.856,7,5337,71,93
1486,35.5955525,137.0957546,-1.4,-137.922,-61.45,7,5337,71,93
1487,35.5955525,137.0957595,-1.4,-137.928,-60.236,7,5337,71,93
1488,35.5955524,137.0957643,-1.4,-137.934,-59.022,7,5337,71,93
1489,35.5955525,137.0957693,-1.4,-137.908,-57.777,7,5337,71,93
1490,35.5955522,137.0957704,-1.4,-138.013,-57.488,7,5337,71,93
1491,35.5955518,137.0957718,-1.4,-138.142,-57.155,7,5337,71,93
1492,35.5955507,137.0957731,-1.4,-138.465,-56.832,7,5337,71,93
1493,35.5955486,137.0957734,-1.4,-139.129,-56.742,7,5337,71,93
1494,35.5955461,137.0957733,-1.4,-139.901,-56.769,7,5337,71,93
1495,35.5955428,137.0957735,-1.4,-140.891,-56.73,7,5337,71,93
1496,35.5955428,137.095775,-1.4,-140.908,-56.36,7,5337,71,93
1497,35.5955041,137.0957743,-1.4,-152.844,-56.513,7,5337,71,93
1498,35.5955043,137.0957923,-1.4,-152.759,-52.007,7,5337,71,93
1499,35.5955425,137.0957912,-1.4,-140.983,-52.284,7,5337,71,93
1500,35.5955483,137.0957916,-1.4,-139.213,-52.199,7,5337,71,93
1501,35.5955504,137.095792,-1.4,-138.563,-52.078,7,5337,71,93
1502,35.595552,137.0957925,-1.4,-138.068,-51.958,7,5337,71,93
1503,35.5955532,137.0957934,-1.4,-137.704,-51.729,7,5337,71,93
1504,35.5955538,137.0957959,-1.4,-137.505,-51.121,7,5337,71,93
1505,35.5955544,137.0958005,-1.4,-137.329,-49.95,7,5337,71,93
1506,35.5955548,137.0958053,-1.4,-137.194,-48.761,7,5337,71,93
1507,35.5955555,137.0958116,-1.4,-136.985,-47.186,7,5337,71,93
1508,35.5955562,137.0958179,-1.4,-136.776,-45.611,7,5337,71,93
1509,35.5955568,137.0958246,-1.4,-136.587,-43.936,7,5337,71,93
1510,35.5955574,137.0958312,-1.4,-136.398,-42.261,7,5337,71,93
1511,35.595558,137.0958379,-1.4,-136.209,-40.586,7,5337,71,93
1512,35.5955583,137.0958439,-1.4,-136.119,-39.085,7,5337,71,93
1513,35.5955582,137.0958471,-1.4,-136.143,-38.29,7,5337,71,93
1514,35.595558,137.0958488,-1.4,-136.21,-37.856,7,5337,71,93
1515,35.595557,137.09585,-1.4,-136.515,-37.571,7,5337,71,93
1516,35.5955557,137.0958505,-1.4,-136.93,-37.431,7,5337,71,93
1517,35.5955539,137.0958508,-1.4,-137.477,-37.364,7,5337,71,93
1518,35.5955521,137.0958511,-1.4,-138.024,-37.297,7,5337,71,93
1519,35.5955477,137.0958515,-1.4,-139.403,-37.199,7,5337,71,93
1520,35.5955436,137.0958518,-1.4,-140.644,-37.104,7,5337,71,93
1521,35.5955386,137.0958519,-1.4,-142.194,-37.091,7,5337,71,93
1522,35.594982,137.0955114,-1.4,-313.721,-122.367,7,5337,71,93
1523,35.594997,137.0955118,-1.4,-309.125,-122.273,7,5337,71,93
1524,35.5949972,137.0955018,-1.4,-309.064,-124.759,7,5337,71,93
1525,35.5955691,137.0958376,-1.4,-132.812,-40.658,7,5337,71,93
1526,35.5949283,137.0955199,-1.4,-330.293,-120.236,7,5337,71,93
1527,35.5949278,137.0954918,-1.4,-330.43,-127.267,7,5337,71,93
1528,35.594928,137.0954871,-1.4,-330.375,-128.443,7,5337,71,93
1529,35.5949278,137.0954883,-1.4,-330.442,-128.15,7,5337,71,93
1530,35.5949278,137.0954916,-1.4,-330.444,-127.316,7,5337,71,93
1531,35.594847,137.0955172,-1.4,-355.35,-120.922,7,5337,71,93
1532,35.5948322,137.0955173,-1.4,-359.913,-120.876,7,5337,71,93
1533,35.5948318,137.095498,-1.4,-360.015,-125.729,7,5337,71,93
1534,35.5953768,137.0955904,-1.4,-192.054,-102.578,7,5337,71,93
1535,35.5953768,137.0955864,-1.4,-192.064,-103.578,7,5337,71,93
1536,35.5953766,137.0955501,-1.4,-192.138,-112.668,7,5337,71,93
1537,35.5953765,137.0955303,-1.4,-192.163,-117.629,7,5337,71,93
1538,35.5953763,137.0955114,-1.4,-192.228,-122.36,7,5337,71,93
1539,35.5953759,137.0954911,-1.4,-192.344,-127.455,7,5337,71,93
1540,35.5953745,137.0954824,-1.4,-192.786,-129.623,7,5337,71,93
1541,35.5953714,137.0954754,-1.4,-193.723,-131.373,7,5337,71,93
1542,35.5953686,137.0954713,-1.4,-194.585,-132.402,7,5337,71,93
1543,35.595365,137.0954681,-1.4,-195.686,-133.216,7,5337,71,93
1544,35.5953602,137.0954659,-1.4,-197.181,-133.766,7,5337,71,93
1545,35.5953561,137.0954658,-1.4,-198.443,-133.774,7,5337,71,93
1551,35.5954009,137.0954648,-1.4,-184.625,-134.028,7,5337,71,93
1552,35.5953976,137.0954649,-1.4,-185.64,-133.997,7,5337,71,93
1553,35.5953923,137.095466,-1.4,-187.278,-133.735,7,5337,71,93
1554,35.5953869,137.0954697,-1.4,-188.962,-132.804,7,5337,71,93
1555,35.5953827,137.0954745,-1.4,-190.231,-131.596,7,5337,71,93
1556,35.5953785,137.0954814,-1.4,-191.523,-129.881,7,5337,71,93
1557,35.5953753,137.0954888,-1.4,-192.515,-128.028,7,5337,71,93
1558,35.5953739,137.0954974,-1.4,-192.953,-125.875,7,5337,71,93
1559,35.5953734,137.0955072,-1.4,-193.115,-123.423,7,5337,71,93
1560,35.5953734,137.0955112,-1.4,-193.107,-122.423,7,5337,71,93
1561,35.5953735,137.0955224,-1.4,-193.069,-119.602,7,5337,71,93
1562,35.5953737,137.0955344,-1.4,-193.015,-116.594,7,5337,71,93
1563,35.5953738,137.0955462,-1.4,-192.992,-113.635,7,5337,71,93
1564,35.5953739,137.0955583,-1.4,-192.971,-110.606,7,5337,71,93
1565,35.5953675,137.0955255,-1.4,-194.916,-118.819,7,5337,71,93
1566,35.5953673,137.0955218,-1.4,-194.988,-119.75,7,5337,71,93
1567,35.5953675,137.0955294,-1.4,-194.916,-117.852,7,5337,71,93
1568,35.5953676,137.0955331,-1.4,-194.898,-116.939,7,5337,71,93
1569,35.5953677,137.0955369,-1.4,-194.88,-115.972,7,5337,71,93
1570,35.5953677,137.0955409,-1.4,-194.88,-114.987,7,5337,71,93
1571,35.5953677,137.0955446,-1.4,-194.88,-114.056,7,5337,71,93
1572,35.5953676,137.0955484,-1.4,-194.889,-113.107,7,5337,71,93
1573,35.5953676,137.0955518,-1.4,-194.885,-112.257,7,5337,71,93
1574,35.5953676,137.0955552,-1.4,-194.889,-111.382,7,5337,71,93
1575,35.5953676,137.0955584,-1.4,-194.889,-110.581,7,5337,71,93
1576,35.5953676,137.0955627,-1.4,-194.889,-109.509,7,5337,71,93
1577,35.5953676,137.0955661,-1.4,-194.894,-108.67,7,5337,71,93
1578,35.5953678,137.0955709,-1.4,-194.84,-107.462,7,5337,71,93
1579,35.5953679,137.0955755,-1.4,-194.815,-106.316,7,5337,71,93
1580,35.5953814,137.0955207,-1.4,-190.658,-120.022,7,5337,71,93
1581,35.5953813,137.0955252,-1.4,-190.664,-118.913,7,5337,71,93
1582,35.5953813,137.0955296,-1.4,-190.67,-117.804,7,5337,71,93
1583,35.5953813,137.095534,-1.4,-190.676,-116.695,7,5337,71,93
1584,35.5953813,137.0955385,-1.4,-190.682,-115.586,7,5337,71,93
1585,35.5953813,137.0955429,-1.4,-190.688,-114.477,7,5337,71,93
1586,35.5953812,137.0955473,-1.4,-190.694,-113.368,7,5337,71,93
1587,35.5953813,137.0955521,-1.4,-190.678,-112.17,7,5337,71,93
1588,35.5953813,137.0955569,-1.4,-190.662,-110.972,7,5337,71,93
1589,35.5953814,137.0955617,-1.4,-190.646,-109.774,7,5337,71,93
1590,35.5953814,137.0955665,-1.4,-190.63,-108.576,7,5337,71,93
1591,35.5953815,137.0955712,-1.4,-190.614,-107.378,7,5337,71,93
1592,35.5953816,137.095576,-1.4,-190.598,-106.18,7,5337,71,93
1593,35.5953739,137.0955763,-1.4,-192.949,-106.101,7,5337,71,93
1594,35.5953764,137.0955263,-1.4,-192.18,-118.629,7,5337,71,93
1595,35.5953764,137.0955223,-1.4,-192.197,-119.629,7,5337,71,93
1596,35.5953763,137.0955183,-1.4,-192.214,-120.629,7,5337,71,93
1597,35.5953763,137.0955154,-1.4,-192.226,-121.36,7,5337,71,93
1598,35.5953765,137.0955461,-1.4,-192.14,-113.668,7,5337,71,93
1599,35.5953765,137.0955421,-1.4,-192.142,-114.668,7,5337,71,93
1600,35.5953765,137.0955381,-1.4,-192.144,-115.668,7,5337,71,93
1601,35.5953765,137.0955343,-1.4,-192.146,-116.629,7,5337,71,93
1602,35.5953766,137.0955645,-1.4,-192.117,-109.077,7,5337,71,93
1603,35.5953766,137.0955605,-1.4,-192.124,-110.077,7,5337,71,93
1604,35.5953766,137.0955565,-1.4,-192.131,-111.077,7,5337,71,93
1605,35.5953766,137.0955541,-1.4,-192.135,-111.668,7,5337,71,93
1606,35.5953736,137.0955264,-1.4,-193.046,-118.602,7,5337,71,93
1607,35.5953737,137.0955304,-1.4,-193.023,-117.602,7,5337,71,93
1608,35.5953737,137.0955304,-1.4,-193.023,-117.594,7,5337,71,93
1609,35.5953737,137.0955384,-1.4,-193.007,-115.594,7,5337,71,93
1610,35.5953738,137.0955423,-1.4,-193,-114.635,7,5337,71,93
1611,35.5953738,137.0955502,-1.4,-192.984,-112.635,7,5337,71,93
1612,35.5953738,137.0955542,-1.4,-192.976,-111.635,7,5337,71,93
1613,35.5953738,137.0955544,-1.4,-192.976,-111.606,7,5337,71,93
1614,35.5953739,137.0955623,-1.4,-192.966,-109.606,7,5337,71,93
1615,35.5953739,137.0955663,-1.4,-192.961,-108.606,7,5337,71,93
1616,35.5953739,137.0955703,-1.4,-192.956,-107.606,7,5337,71,93
1617,35.5953739,137.0955723,-1.4,-192.954,-107.101,7,5337,71,93
1618,35.5953739,137.0955803,-1.4,-192.944,-105.101,7,5337,71,93
1619,35.595374,137.0955843,-1.4,-192.939,-104.101,7,5337,71,93
1620,35.595374,137.0955883,-1.4,-192.934,-103.101,7,5337,71,93
1621,35.595374,137.0955903,-1.4,-192.931,-102.596,7,5337,71,93
1622,35.5953768,137.0955824,-1.4,-192.074,-104.578,7,5337,71,93
1623,35.5953767,137.0955784,-1.4,-192.084,-105.578,7,5337,71,93
1624,35.5953767,137.0955744,-1.4,-192.094,-106.578,7,5337,71,93
1625,35.5953767,137.0955704,-1.4,-192.104,-107.578,7,5337,71,93
1626,35.5953766,137.0955684,-1.4,-192.109,-108.077,7,5337,71,93
1627,35.5953816,137.0955808,-1.4,-190.582,-104.982,7,5337,71,93
1628,35.5953817,137.0955856,-1.4,-190.566,-103.784,7,5337,71,93
1629,35.5953817,137.0955904,-1.4,-190.55,-102.586,7,5337,71,93
1630,35.5953679,137.0955801,-1.4,-194.79,-105.17,7,5337,71,93
1631,35.595368,137.0955846,-1.4,-194.765,-104.024,7,5337,71,93
1632,35.5953681,137.0955892,-1.4,-194.74,-102.878,7,5337,71,93
1633,35.5953681,137.0955919,-1.4,-194.74,-102.202,7,5337,71,93
1634,35.5953763,137.0955074,-1.4,-192.23,-123.36,7,5337,71,93
1635,35.5953762,137.0955034,-1.4,-192.232,-124.36,7,5337,71,93
1636,35.5953762,137.0954994,-1.4,-192.234,-125.36,7,5337,71,93
1637,35.5953762,137.0954975,-1.4,-192.235,-125.835,7,5337,71,93
1638,35.5953734,137.0955152,-1.4,-193.099,-121.423,7,5337,71,93
1639,35.5953735,137.0955184,-1.4,-193.092,-120.602,7,5337,71,93
1640,35.5947089,137.0956624,-1.4,-397.908,-84.559,7,5337,71,93
1641,35.5947072,137.0956786,-1.4,-398.42,-80.486,7,5337,71,93
1642,35.5947073,137.0957066,-1.4,-398.396,-73.486,7,5337,71,93
1643,35.5947074,137.0957345,-1.4,-398.372,-66.486,7,5337,71,93
1644,35.5947087,137.0957598,-1.4,-397.968,-60.156,7,5337,71,93
1645,35.5947117,137.0957743,-1.4,-397.051,-56.53,7,5337,71,93
1647,35.5947151,137.0957872,-1.4,-396,-53.306,7,5337,71,93
1648,35.5947173,137.0958013,-1.4,-395.305,-49.775,7,5337,71,93
